company,location,industry,total_laid_off,percentage_laid_off,date_laid_off,stage,country,funds_raised_millions,id
Atlassian,Sydney,Other,500,0.05,2023-03-06,Post-IPO,Australia,210.00,1
SiriusXM,New York City,Media,475,0.08,2023-03-06,Post-IPO,United States,525.00,2
Loft,Sao Paulo,Real Estate,340,0.15,2023-03-03,Unknown,Brazil,788.00,5
Embark Trucks,SF Bay Area,Transportation,230,0.70,2023-03-03,Post-IPO,United States,317.00,6
Zscaler,SF Bay Area,Security,177,0.03,2023-03-02,Post-IPO,United States,148.00,12
Fittr,Pune,Fitness,30,0.11,2023-03-02,Series A,India,13.00,15
CNET,SF Bay Area,Media,12,0.10,2023-03-02,Acquired,United States,20.00,16
Thoughtworks,Chicago,Other,500,0.04,2023-03-01,Post-IPO,United States,748.00,20
iFood,Sao Paulo,Food,355,0.06,2023-03-01,Subsidiary,Brazil,2100.00,21
Waymo,SF Bay Area,Transportation,209,0.08,2023-03-01,Subsidiary,United States,5500.00,23
PayFit,Paris,HR,200,0.20,2023-03-01,Series E,France,495.00,24
Sonder,SF Bay Area,Travel,100,0.14,2023-03-01,Post-IPO,United States,839.00,26
Eventbrite,SF Bay Area,Consumer,80,0.08,2023-02-28,Post-IPO,United States,557.00,29
Cerebral,SF Bay Area,Healthcare,285,0.15,2023-02-27,Series C,United States,462.00,33
Amount,Chicago,Finance,130,0.25,2023-02-27,Unknown,United States,283.00,34
Palantir,Denver,Data,75,0.02,2023-02-27,Post-IPO,United States.,3000.00,35
Outreach,Seattle,Sales,70,0.07,2023-02-27,Series G,United States,489.00,36
Stytch,SF Bay Area,Security,19,0.25,2023-02-27,Series B,United States,126.00,37
Twitter,SF Bay Area,Consumer,200,0.10,2023-02-25,Post-IPO,United States,12900.00,39
Ericsson,Stockholm,Other,8500,0.08,2023-02-24,Post-IPO,Sweden,663.00,40
OneFootball,Berlin,Marketing,150,0.32,2023-02-23,Series D,Germany,442.00,49
Polygon,Bengaluru,Crypto,100,0.20,2023-02-21,Unknown,India,451.00,62
MyGate,Bengaluru,Other,200,0.30,2023-02-20,Series B,India,79.00,70
Fireblocks,New York City,Crypto,30,0.05,2023-02-20,Series E,United States,1000.00,71
Kinde,Sydney,Other,8,0.28,2023-02-20,Seed,Australia,10.00,72
Chipper Cash,SF Bay Area,Finance,100,0.33,2023-02-17,Series C,United States,302.00,77
DocuSign,SF Bay Area,Sales,680,0.10,2023-02-16,Post-IPO,United States,536.00,80
Pico Interactive,SF Bay Area,Other,400,0.20,2023-02-16,Acquired,United States,62.00,81
The RealReal,SF Bay Area,Retail,230,0.07,2023-02-16,Post-IPO,United States,356.00,82
Smartsheet,Seattle,Other,85,0.03,2023-02-16,Post-IPO,United States,152.00,83
Wix,Tel Aviv,Marketing,370,0.06,2023-02-15,Post-IPO,Israel,58.00,85
ServiceTitan,Los Angeles,Sales,221,0.08,2023-02-15,Series G,United States,1100.00,86
Neon,Sao Paulo,Finance,210,0.09,2023-02-15,Series D,Brazil,720.00,87
DigitalOcean,New York City,Infrastructure,200,0.11,2023-02-15,Post-IPO,United States,491.00,89
Sprinklr,New York City,Support,100,0.04,2023-02-15,Post-IPO,United States,429.00,90
Twilio,SF Bay Area,Other,1500,0.17,2023-02-13,Post-IPO,United States.,614.00,103
Electric,New York City,Other,141,0.25,2023-02-13,Series D,United States,212.00,104
iRobot,Boston,Consumer,85,0.07,2023-02-13,Acquired,United States,30.00,107
Alerzo,Ibadan,Retail,400,,2023-03-06,Series B,Nigeria,16.00,3
Moladin,Jakarta,Transportation,360,0.11,2023-02-12,Series B,Indonesia,138.00,114
TripleLift,New York City,Marketing,100,0.20,2023-02-10,Acquired,United States,16.00,115
Yahoo,SF Bay Area,Consumer,1600,0.20,2023-02-09,Acquired,United States,6.00,119
Misfits Market,Philadelphia,Food,649,0.33,2023-02-09,Series C,United States,526.00,120
Deliveroo,London,Food,350,0.09,2023-02-09,Post-IPO,United Kingdom,1700.00,121
Olive AI,Columbus,Healthcare,215,0.35,2023-02-09,Series H,United States,856.00,122
Oportun,SF Bay Area,Finance,155,0.10,2023-02-09,Post-IPO,United States,566.00,123
GitLab,SF Bay Area,Product,130,0.07,2023-02-09,Post-IPO,United States,413.00,124
Nomad Health,New York City,Healthcare,119,0.17,2023-02-09,Unknown,United States,218.00,126
Veriff,Tallinn,Security,66,0.12,2023-02-09,Series C,Estonia,192.00,127
REE Automotive,Tel Aviv,Transportation,31,0.11,2023-02-09,Post-IPO,Israel,317.00,128
GoDaddy,Phoenix,Marketing,530,0.08,2023-02-08,Post-IPO,United States,800.00,132
Affirm,SF Bay Area,Finance,500,0.19,2023-02-08,Post-IPO,United States,1500.00,133
Gusto,SF Bay Area,HR,126,0.05,2023-02-08,Series E,United States,746.00,134
Gong,SF Bay Area,Sales,80,0.07,2023-02-08,Series E,United States,583.00,135
Beam Benefits,Columbus,Healthcare,31,0.08,2023-02-08,Series E,United States,168.00,136
Equitybee,SF Bay Area,Finance,24,0.25,2023-02-08,Series B,United States,85.00,137
Zoom,SF Bay Area,Other,1300,0.15,2023-02-07,Post-IPO,United States,276.00,142
eBay,SF Bay Area,Retail,500,0.04,2023-02-07,Post-IPO,United States,1200.00,143
SecureWorks,Atlanta,Security,212,0.09,2023-02-07,Post-IPO,United States,83.00,144
Salesloft,Atlanta,Sales,100,0.10,2023-02-07,Acquired,United States,245.00,145
Openpay,Melbourne,Finance,83,1.00,2023-02-07,Post-IPO,Australia,299.00,146
LearnUpon,Dublin,Education,27,0.09,2023-02-07,Private Equity,Ireland,56.00,147
Loggi,Sao Paulo,Logistics,300,0.07,2023-02-06,Series F,Brazil,507.00,150
Pocket Aces,Mumbai,Media,50,0.25,2023-02-06,Unknown,India,19.00,154
Lightico,Tel Aviv,Finance,20,0.25,2023-02-05,Series B,Israel,42.00,160
Protocol Labs,SF Bay Area,Crypto,89,0.20,2023-02-03,Unknown,United States,10.00,162
Okta,SF Bay Area,Security,300,0.05,2023-02-02,Post-IPO,United States,1200.00,165
Miro,SF Bay Area,Other,119,0.07,2023-02-02,Series C,United States,476.00,169
Highspot,Seattle,Sales,100,0.10,2023-02-02,Series F,United States,644.00,171
Splunk,SF Bay Area,Data,325,0.04,2023-02-01,Post-IPO,United States,2400.00,179
DraftKings,Boston,Consumer,140,0.04,2023-02-01,Post-IPO,United States,719.00,181
Workato,SF Bay Area,Other,90,0.10,2023-02-01,Series E,United States,415.00,183
Wheel,Austin,Healthcare,56,0.28,2023-02-01,Series C,United States,215.00,185
Chainalysis,New York City,Crypto,44,0.05,2023-02-01,Series F,United States,536.00,186
Exterro,Portland,Legal,24,0.03,2023-02-01,Private Equity,United States,100.00,188
TheSkimm,New York City,Media,17,0.10,2023-02-01,Series C,United States,28.00,189
PayPal,SF Bay Area,Finance,2000,0.07,2023-01-31,Post-IPO,United States,216.00,198
Workday,SF Bay Area,HR,525,0.03,2023-01-31,Post-IPO,United States,230.00,200
HubSpot,Boston,Marketing,500,0.07,2023-01-31,Post-IPO,United States,100.00,201
Upstart,SF Bay Area,Finance,365,0.20,2023-01-31,Post-IPO,United States,144.00,202
Software AG,Frankfurt,Data,200,0.04,2023-01-31,Post-IPO,Germany,344.00,203
Wish,SF Bay Area,Retail,150,0.17,2023-01-31,Post-IPO,United States,1600.00,204
Tilting Point,New York City,Consumer,60,0.14,2023-01-31,Unknown,United States,235.00,206
AU10TIX,Tel Aviv,Security,19,0.09,2023-01-31,Unknown,Israel,80.00,208
Arrival,London,Transportation,800,0.50,2023-01-30,Post-IPO,United Kingdom,629.00,213
Glovo,Barcelona,Food,250,0.06,2023-01-30,Acquired,Spain,1200.00,216
Delivery Hero,Berlin,Food,156,0.04,2023-01-30,Post-IPO,Germany,9900.00,217
Impossible Foods copy,SF Bay Area,Food,140,0.20,2023-01-30,Series H,United States,1900.00,218
Chrono24,Karlsruhe,Retail,65,0.13,2023-01-30,Series C,Germany,205.00,219
DealShare,Bengaluru,Retail,100,0.06,2023-01-27,Series E,India,390.00,230
Matrixport,Singapore,Crypto,29,0.10,2023-01-27,Series C,Singapore,100.00,234
Shakepay,Montreal,Crypto,21,0.25,2023-01-27,Series A,Canada,45.00,235
#Paid,Toronto,Marketing,19,0.17,2023-01-27,Series B,Canada,21.00,236
SAP,Walldorf,Other,3000,0.03,2023-01-26,Post-IPO,Germany,1300.00,240
Confluent,SF Bay Area,Data,221,0.08,2023-01-26,Post-IPO,United States,455.00,241
Luno,London,Crypto,330,0.35,2023-01-25,Acquired,United Kingdom,13.00,249
Guardant Health,SF Bay Area,Healthcare,130,0.07,2023-01-25,Post-IPO,United States,550.00,251
SirionLabs,Seattle,Legal,130,0.15,2023-01-25,Series D,United States,171.00,252
Tier Mobility,Berlin,Transportation,80,0.07,2023-01-25,Series D,Germany,646.00,253
Vacasa,Portland,Travel,1300,0.17,2023-01-24,Post-IPO,United States,834.00,259
Innovaccer,SF Bay Area,Healthcare,245,0.15,2023-01-24,Series E,United States,379.00,260
Bolt,SF Bay Area,Finance,50,0.10,2023-01-24,Series E,United States,1300.00,261
PartnerStack,Toronto,Sales,40,0.20,2023-01-24,Series B,Canada,36.00,262
Gitpod,Kiel,Product,21,0.28,2023-01-24,Series A,Germany,41.00,263
Spotify,Stockholm,Media,600,0.06,2023-01-23,Post-IPO,Sweden,2100.00,271
Uber Freight,SF Bay Area,Logistics,150,0.03,2023-01-23,Subsidiary,United States,2700.00,272
Innovid,New York City,Marketing,40,0.10,2023-01-23,Post-IPO,United States,295.00,274
Ermetic,SF Bay Area,Security,30,0.17,2023-01-23,Series B,United States,97.00,276
Namogoo,Tel Aviv,Marketing,20,0.15,2023-01-23,Series C,United States,69.00,277
Google,SF Bay Area,Consumer,12000,0.06,2023-01-20,Post-IPO,United States,26.00,282
Wayfair,Boston,Retail,1750,0.10,2023-01-20,Post-IPO,United States,1700.00,283
Swiggy,Bengaluru,Food,380,0.06,2023-01-20,Unknown,India,3600.00,284
Vox Media,Washington D.C.,Media,130,0.07,2023-01-20,Series F,United States,307.00,286
Enjoei,Sao Paulo,Retail,31,0.10,2023-01-20,Unknown,Brazil,14.00,289
Citrine Informatics,SF Bay Area,Data,22,0.27,2023-01-20,Series C,United States,64.00,291
Hubilo,SF Bay Area,Other,115,0.35,2023-01-19,Series B,United States,153.00,300
Saks.com,New York City,Retail,100,0.05,2023-01-19,Unknown,United States,965.00,301
CS Disco,Austin,Legal,62,0.09,2023-01-19,Post-IPO,United States,233.00,302
Microsoft,Seattle,Other,10000,0.05,2023-01-18,Post-IPO,United States,1.00,315
Sophos,Oxford,Security,450,0.10,2023-01-18,Acquired,United States,125.00,316
Teladoc Health,New York City,Healthcare,300,0.06,2023-01-18,Post-IPO,United States,172.00,317
Vroom,New York City,Transportation,275,0.20,2023-01-18,Post-IPO,United States,1300.00,318
8x8,SF Bay Area,Support,155,0.07,2023-01-18,Post-IPO,United States,253.00,319
Pagaya,New York City,Finance,140,0.20,2023-01-18,Post-IPO,United States,571.00,320
Benevity,Calgary,Other,137,0.14,2023-01-18,Unknown,Canada,69.00,321
Inspirato,Denver,Travel,109,0.12,2023-01-18,Post-IPO,United States,179.00,322
Jumpcloud,Boulder,Security,100,0.12,2023-01-18,Series F,United States,416.00,323
nCino,Wilmington,Finance,100,0.07,2023-01-18,Post-IPO,United States,1100.00,324
Starry,Boston,Other,100,0.24,2023-01-18,Post-IPO,United States,260.00,325
Hootsuite,Vancouver,Marketing,70,0.07,2023-01-18,Series C,Canada,300.00,326
Clue,Berlin,Healthcare,31,0.31,2023-01-18,Unknown,Germany,47.00,327
Addepar,SF Bay Area,Finance,20,0.03,2023-01-18,Series F,United States,491.00,328
Lightspeed Commerce,Montreal,Retail,300,0.10,2023-01-17,Post-IPO,Canada,1200.00,339
Unity,SF Bay Area,Other,284,0.03,2023-01-17,Post-IPO,United States,1300.00,340
Britishvolt,London,Transportation,206,1.00,2023-01-17,Unknown,United Kingdom,2400.00,341
Exotel,Bengaluru,Support,142,0.15,2023-01-17,Series D,India,87.00,343
Unico,Sao Paulo,Other,110,0.10,2023-01-17,Series D,Brazil,336.00,344
American Robotics,Boston,Other,50,0.65,2023-01-17,Acquired,United States,92.00,346
ShareChat,Bengaluru,Consumer,500,0.20,2023-01-16,Series H,India,1700.00,357
ClearCo,Toronto,Finance,50,0.30,2023-01-16,Series C,Canada,698.00,359
Snappy,New York City,Marketing,100,0.30,2023-01-15,Series C,United States,104.00,364
BharatAgri,Mumbai,Food,40,0.43,2023-01-15,Series A,India,21.00,365
Lending Club,SF Bay Area,Finance,225,0.14,2023-01-12,Post-IPO,United States,392.00,376
SmartNews,Tokyo,Media,120,0.40,2023-01-12,Series F,United States,410.00,377
Pier,Sao Paulo,Finance,111,0.39,2023-01-12,Series B,Brazil,42.00,379
Blockchain.com,London,Crypto,110,0.28,2023-01-12,Series D,United Kingdom,490.00,380
Greenlight,Atlanta,Finance,104,0.21,2023-01-12,Series D,United States,556.00,381
Flexport,SF Bay Area,Logistics,640,0.20,2023-01-11,Series E,United States,2400.00,391
Qualtrics,Salt Lake City,Other,270,0.05,2023-01-11,Post-IPO,United States,400.00,392
Tipalti,SF Bay Area,Finance,123,0.11,2023-01-11,Series F,United States,565.00,394
Jumio,SF Bay Area,Security,100,0.06,2023-01-11,Private Equity,United States,205.00,395
Coinbase,SF Bay Area,Crypto,950,0.20,2023-01-10,Post-IPO,United States,549.00,405
Blend,SF Bay Area,Finance,340,0.28,2023-01-10,Post-IPO,United States,665.00,407
ConsenSys,New York City,Crypto,100,0.11,2023-01-10,Series D,United States,726.00,409
ForeScout,SF Bay Area,Security,100,0.10,2023-01-10,Post-IPO,United States,125.00,410
Thinkific,Vancouver,Education,76,0.19,2023-01-10,Post-IPO,Canada,22.00,411
Parler,Nashville,Consumer,60,0.75,2023-01-10,Series B,United States,36.00,413
GoBolt,Toronto,Logistics,55,0.05,2023-01-10,Series C,Canada,178.00,414
StreamElements,Tel Aviv,Media,40,0.20,2023-01-10,Series B,Israel,111.00,416
Fate Therapeutics,San Diego,Healthcare,315,0.57,2023-01-09,Post-IPO,United States,1200.00,423
Minute Media,London,Media,50,0.10,2023-01-08,Series I,United Kingdom,160.00,427
WalkMe,SF Bay Area,Other,43,0.03,2023-01-08,Post-IPO,United States,307.00,428
Huobi,Beijing,Crypto,275,0.20,2023-01-06,Unknown,China,2.00,429
Bounce,Bengaluru,Transportation,40,0.05,2023-01-06,Series D,India,214.00,431
SoundHound,SF Bay Area,Other,200,0.50,2023-01-05,Post-IPO,United States,326.00,439
Socure,Reno,Finance,104,0.19,2023-01-05,Series E,United States,646.00,440
Moglix,Singapore,Retail,40,0.02,2023-01-05,Series F,Singapore,472.00,442
Everlane,SF Bay Area,Retail,30,0.17,2023-01-05,Unknown,United States,176.00,444
Pecan AI,Tel Aviv,Data,30,0.25,2023-01-05,Series C,Israel,116.00,445
Personetics,New York City,Support,30,0.08,2023-01-05,Private Equity,United States,178.00,446
Twine Solutions ,Tel Aviv,Hardware,30,0.33,2023-01-05,Unknown,Israel,50.00,447
UpScalio,Gurugram,Retail,25,0.15,2023-01-05,Series B,India,62.00,448
Amazon,Seattle,Retail,8000,0.02,2023-01-04,Post-IPO,United States,108.00,454
Salesforce,SF Bay Area,Sales,8000,0.10,2023-01-04,Post-IPO,United States,65.00,455
Astronomer,Cincinnati,Data,76,0.20,2023-01-04,Series C,United States,282.00,456
Kaltura,New York City,Media,75,0.11,2023-01-04,Post-IPO,United States,166.00,457
Augury,New York City,Manufacturing,20,0.05,2023-01-04,Series E,United States,274.00,458
Uniphore,SF Bay Area,Support,76,0.10,2023-01-03,Series E,United States,620.00,463
Back Market,Paris,Retail,93,0.13,2022-12-23,Series E,France,1000.00,472
TuSimple,San Diego,Transportation,350,0.25,2022-12-21,Post-IPO,United States,648.00,475
Chope,Singapore,Food,65,0.24,2022-12-20,Series E,Singapore,50.00,477
Briza,Toronto,Finance,26,0.40,2022-12-20,Series A,Canada,10.00,478
Homebot,Denver,Real Estate,18,0.13,2022-12-19,Acquired,United States,4.00,481
Tomorrow,Hamburg,Finance,30,0.25,2022-12-16,Unknown,Germany,29.00,485
Revelate,Montreal,Data,24,0.30,2022-12-16,Series A,Canada,26.00,486
BigCommerce,Austin,Retail,180,0.13,2022-12-15,Post-IPO,United States,224.00,493
Freshworks,SF Bay Area,Support,90,0.02,2022-12-15,Post-IPO,United States,484.00,494
LeafLink,New York City,Other,80,0.31,2022-12-15,Series C,United States,379.00,495
Workmotion,Berlin,HR,60,0.20,2022-12-15,Series B,United States,76.00,496
JD.ID,Jakarta,Retail,200,0.30,2022-12-14,Post-IPO,Indonesia,5100.00,498
Headspace,Los Angeles,Healthcare,50,0.04,2022-12-14,Unknown,United States,215.00,501
ChowNow,Los Angeles,Food,40,0.10,2022-12-14,Series C,United States,64.00,502
Thumbtack,SF Bay Area,Consumer,160,0.14,2022-12-13,Series I,United States,698.00,504
Edgio,Phoenix,Infrastructure,95,0.10,2022-12-13,Post-IPO,United States,462.00,505
Komodo Health,SF Bay Area,Healthcare,78,0.09,2022-12-13,Series E,United States,514.00,506
Pluralsight,Salt Lake City,Education,400,0.20,2022-12-12,Acquired,United States,192.00,509
Outschool,SF Bay Area,Education,43,0.25,2022-12-10,Series D,United States,240.00,513
Xentral,Munich,Product,20,0.10,2022-12-10,Series B,Germany,94.00,514
Alice,Sao Paulo,Healthcare,113,0.16,2022-12-09,Series C,Brazil,174.00,520
Primer,London,Finance,85,0.33,2022-12-09,Series B,United Kingdom,73.00,521
OneFootball,Berlin,Marketing,62,0.12,2022-12-09,Series D,Germany,442.00,522
C2FO,Kansas City,Finance,20,0.02,2022-12-09,Series H,United States,537.00,523
Airtable,SF Bay Area,Product,254,0.20,2022-12-08,Series F,United States,1400.00,528
Swiggy,Bengaluru,Food,250,0.03,2022-12-08,Unknown,India,3600.00,529
Glints,Singapore,HR,198,0.18,2022-12-08,Series D,Singapore,82.00,530
Buser,Sao Paulo,Transportation,160,0.30,2022-12-08,Series C,Brazil,138.00,531
BlackLine,Los Angeles,Finance,95,0.05,2022-12-08,Private Equity,United States,220.00,532
Otonomo,Tel Aviv,Transportation,80,0.50,2022-12-08,Post-IPO,Israel,231.00,534
TechTarget,Boston,Marketing,60,0.05,2022-12-08,Post-IPO,United States,115.00,535
CyCognito,SF Bay Area,Security,30,0.15,2022-12-08,Series C,United States,153.00,537
Armis,SF Bay Area,Security,25,0.04,2022-12-08,Private Equity,United States,537.00,538
Loft,Sao Paulo,Real Estate,312,0.12,2022-12-07,Unknown,Brazil,788.00,546
Plaid,SF Bay Area,Finance,260,0.20,2022-12-07,Series D,United States,734.00,547
Motive,SF Bay Area,Transportation,237,0.06,2022-12-07,Series F,United States,567.00,548
Relativity,Chicago,Legal,150,0.10,2022-12-07,Private Equity,United States,125.00,550
Voi,Stockholm,Transportation,130,0.13,2022-12-07,Series D,United States,515.00,551
Integral Ad Science,New York City,Marketing,120,0.13,2022-12-07,Acquired,United States,116.00,552
Houzz,SF Bay Area,Consumer,95,0.08,2022-12-07,Series E,United States,613.00,553
Grover,Berlin,Retail,40,0.10,2022-12-07,Unknown,United States,2300.00,554
Lev,New York City,Real Estate,30,0.30,2022-12-07,Series B,United States,114.00,555
Lithic,New York City,Finance,27,0.18,2022-12-07,Series C,United States,115.00,556
Doma,SF Bay Area,Finance,515,0.40,2022-12-06,Post-IPO,United States,679.00,560
BuzzFeed,New York City,Media,180,0.12,2022-12-06,Post-IPO,United States,696.00,562
Chipper Cash,SF Bay Area,Finance,50,0.13,2022-12-06,Series C,United States,302.00,565
Stash,New York City,Finance,32,0.08,2022-12-06,Unknown,United States,480.00,566
Perimeter 81,Tel Aviv,Security,20,0.08,2022-12-06,Series C,Israel,165.00,567
Bridgit,Waterloo,Construction,13,0.13,2022-12-06,Series B,Canada,36.00,569
Aqua Security,Boston,Security,65,0.10,2022-12-05,Series E,United States,265.00,576
DataRails,Tel Aviv,Finance,30,0.18,2022-12-05,Series B,Israel,103.00,577
Polly,Burlington,Finance,47,0.15,2022-12-02,Series C,United States,184.00,586
Carousell,Singapore,Retail,110,0.10,2022-12-01,Private Equity,Singapore,372.00,589
Bizzabo,New York City,Marketing,100,0.37,2022-12-01,Series E,United States,194.00,590
Netlify,SF Bay Area,Product,48,0.16,2022-12-01,Series D,United States,212.00,592
Springbig,Miami,Sales,37,0.23,2022-12-01,Post-IPO,United States,32.00,593
DoorDash,SF Bay Area,Food,1250,0.06,2022-11-30,Post-IPO,United States,2500.00,599
Kraken,SF Bay Area,Crypto,1100,0.30,2022-11-30,Unknown,United States,134.00,600
Happy Money,Los Angeles,Finance,158,0.34,2022-11-30,Series D,United States,191.00,601
Ula,Jakarta,Retail,134,0.23,2022-11-30,Series B,Indonesia,140.00,602
Wonder,New York City,Food,130,0.07,2022-11-30,Series B,United States,850.00,603
Grin,Sacramento,Marketing,60,0.13,2022-11-30,Series B,United States,145.00,605
Ualá,Buenos Aires,Finance,53,0.03,2022-11-30,Series D,Argentina,544.00,606
Teachmint,Bengaluru,Education,45,0.05,2022-11-30,Series B,India,118.00,607
Thread,London,Retail,30,0.50,2022-11-30,Acquired,United Kingdom,40.00,609
Lyst,London,Retail,50,0.25,2022-11-29,Unknown,United Kingdom,144.00,616
CoinJar,Melbourne,Crypto,10,0.20,2022-11-29,Unknown,Australia,1.00,617
Infarm,Berlin,Other,500,0.50,2022-11-28,Series D,Germany,604.00,625
Wildlife Studios,Sao Paulo,Consumer,300,0.20,2022-11-28,Unknown,Brazil,260.00,626
ApplyBoard,Waterloo,Education,90,0.06,2022-11-28,Series D,Canada,483.00,628
Ajaib,Jakarta,Finance,67,0.08,2022-11-28,Unknown,Indonesia,245.00,629
Candy Digital,New York City,Crypto,33,0.33,2022-11-28,Series A,United States,100.00,630
ResearchGate,Berlin,Other,25,0.10,2022-11-28,Series D,Germany,87.00,631
VerSe Innovation,Bengaluru,Media,150,0.05,2022-11-25,Series J,India,1700.00,639
Carwow,London,Transportation,70,0.20,2022-11-25,Unknown,United Kingdom,157.00,640
Vendease,Lagos,Food,27,0.09,2022-11-25,Series A,Nigeria,43.00,641
Lemon,Buenos Aires,Crypto,100,0.38,2022-11-24,Series A,Argentina,17.00,642
Quidax,Lagos,Crypto,20,0.20,2022-11-24,Unknown,Nigeria,3.00,643
SIRCLO,Jakarta,Retail,160,0.08,2022-11-22,Series B,Indonesia,92.00,650
Trax,Singapore,Retail,80,0.08,2022-11-22,Series E,Singapore,1000.00,651
Jumia,Lagos,Retail,900,0.20,2022-11-21,Post-IPO,Nigeria,1200.00,655
Kitopi,Dubai,Food,93,0.10,2022-11-21,Series C,United States,804.00,656
Zomato,Gurugram,Food,100,0.04,2022-11-19,Series J,India,914.00,659
Carvana,Phoenix,Transportation,1500,0.08,2022-11-18,Post-IPO,United States,1600.00,660
Nuro,SF Bay Area,Transportation,300,0.20,2022-11-18,Series D,United States,2100.00,661
Synthego,SF Bay Area,Healthcare,105,0.20,2022-11-18,Series E,United States,459.00,662
Roku,SF Bay Area,Media,200,0.07,2022-11-17,Post-IPO,United States,208.00,670
Juni,Gothenburg,Finance,72,0.33,2022-11-17,Unknown,Sweden,281.00,673
Capitolis,New York City,Finance,37,0.25,2022-11-17,Series D,United States,281.00,675
TealBook,Toronto,Other,34,0.19,2022-11-17,Series B,Canada,73.00,676
Koho,Toronto,Finance,15,0.04,2022-11-17,Series D,Canada,278.00,677
&Open,Dublin,Marketing,9,0.09,2022-11-17,Series A,Ireland,35.00,678
Amazon,Seattle,Retail,10000,0.03,2022-11-16,Post-IPO,United States,108.00,682
Cisco,SF Bay Area,Infrastructure,4100,0.05,2022-11-16,Post-IPO,United States,2.00,683
Twiga,Nairobi,Food,211,0.21,2022-11-16,Series C,Kenya,157.00,684
Wayflyer,Dublin,Marketing,200,0.40,2022-11-16,Unknown,Ireland,889.00,685
SimilarWeb,New York City,Other,120,0.10,2022-11-16,Post-IPO,United States,235.00,686
Salsify,Boston,Retail,90,0.11,2022-11-16,Series F,United States,452.00,687
Lokalise,Dover,Other,76,0.23,2022-11-16,Series B,United States,56.00,688
Yotpo,New York City,Marketing,70,0.09,2022-11-16,Unknown,United States,436.00,689
Pear Therapeutics,Boston,Healthcare,59,0.22,2022-11-16,Post-IPO,United States,409.00,690
UiPath,New York City,Data,241,0.06,2022-11-15,Post-IPO,United States,2000.00,697
Asana,SF Bay Area,Other,180,0.09,2022-11-15,Post-IPO,United States,453.00,698
OwnBackup,New York City,Security,170,0.17,2022-11-15,Series E,United States,507.00,699
Deliveroo Australia,Melbourne,Food,120,1.00,2022-11-15,Post-IPO,Australia,1700.00,700
Jimdo,Hamburg,Other,50,0.16,2022-11-15,Unknown,Germany,28.00,704
CaptivateIQ,SF Bay Area,Sales,31,0.10,2022-11-15,Series C,United States,164.00,707
Illumina,San Diego,Healthcare,500,0.05,2022-11-14,Post-IPO,United States,28.00,717
iFit,Logan,Fitness,300,0.20,2022-11-14,Private Equity,United States,200.00,719
Ribbon,New York City,Real Estate,170,0.85,2022-11-14,Series C,United States,405.00,720
Pipedrive,Tallinn,Sales,143,0.15,2022-11-14,Private Equity,Estonia,90.00,721
Intercom,SF Bay Area,Support,124,0.13,2022-11-14,Series D,United States,240.00,722
Pear Therapeutics,Boston,Healthcare,59,0.22,2022-11-14,Post-IPO,United States,409.00,724
Cloudinary,SF Bay Area,Media,40,0.08,2022-11-14,Unknown,United States,100.00,726
Veev,SF Bay Area,Real Estate,100,0.30,2022-11-11,Series D,United States,597.00,731
Forto,Berlin,Logistics,60,0.08,2022-11-11,Series D,United States,593.00,732
GoTo Group,Jakarta,Transportation,1300,0.12,2022-11-10,Post-IPO,Indonesia,1300.00,736
Blend,SF Bay Area,Finance,100,0.06,2022-11-10,Post-IPO,United States,665.00,738
InfluxData,SF Bay Area,Data,65,0.27,2022-11-10,Series D,United States,119.00,739
SoundHound,SF Bay Area,Other,45,0.10,2022-11-10,Post-IPO,United States,326.00,741
Ocavu,Lehi,Crypto,20,0.48,2022-11-10,Series A,United States,11.00,743
Meta,SF Bay Area,Consumer,11000,0.13,2022-11-09,Post-IPO,United States,26000.00,750
Redfin,Seattle,Real Estate,862,0.13,2022-11-09,Post-IPO,United States,320.00,751
Flyhomes,Seattle,Real Estate,300,0.40,2022-11-09,Series C,United States,310.00,752
AvantStay,Los Angeles,Travel,144,0.22,2022-11-09,Private Equity,United States,686.00,753
Root Insurance,Columbus,Finance,137,0.20,2022-11-09,Post-IPO,United States,527.00,754
Liftoff,SF Bay Area,Marketing,130,0.15,2022-11-09,Acquired,United States,6.00,755
Plum,Bengaluru,Healthcare,36,0.10,2022-11-09,Series A,India,20.00,757
Kabam,SF Bay Area,Consumer,35,0.07,2022-11-09,Acquired,United States,244.00,758
Namogoo,Tel Aviv,Marketing,25,0.15,2022-11-09,Series C,United States,69.00,760
Repertoire Immune Medicines,Boston,Healthcare,65,0.50,2022-11-08,Series B,United States,257.00,768
Salesforce,SF Bay Area,Sales,1000,0.01,2022-11-07,Post-IPO,United States,65.00,773
Unacademy,Bengaluru,Education,350,0.10,2022-11-07,Series H,India,838.00,774
Zendesk,SF Bay Area,Support,350,0.05,2022-11-07,Acquired,United States,85.00,775
Dock,Sao Paulo,Finance,190,0.12,2022-11-07,Private Equity,Brazil,280.00,776
Varonis,New York City,Security,110,0.05,2022-11-06,Post-IPO,United States,30.00,779
Twitter,SF Bay Area,Consumer,3700,0.50,2022-11-04,Post-IPO,United States,12900.00,782
Planetly,Berlin,Other,200,1.00,2022-11-04,Acquired,Germany,5.00,784
KoinWorks,Jakarta,Finance,70,0.08,2022-11-04,Unknown,Indonesia,180.00,785
Exodus,Nebraska City,Crypto,59,0.22,2022-11-04,Unknown,United States,60.00,786
Stripe,SF Bay Area,Finance,1000,0.14,2022-11-03,Series H,United States,2300.00,789
Lyft,SF Bay Area,Transportation,700,0.13,2022-11-03,Post-IPO,United States,4900.00,790
Pleo,Copenhagen,Finance,150,0.15,2022-11-03,Series C,United States,428.00,792
Shippo,SF Bay Area,Logistics,60,0.20,2022-11-03,Series E,United States,154.00,794
Opendoor,SF Bay Area,Real Estate,550,0.18,2022-11-02,Post-IPO,United States,1900.00,802
Chime,SF Bay Area,Finance,156,0.12,2022-11-02,Series G,United States,2300.00,803
Chargebee,SF Bay Area,Finance,142,0.10,2022-11-02,Series H,United States,468.00,804
Dapper Labs,Vancouver,Crypto,134,0.22,2022-11-02,Series D,United States,607.00,805
Checkmarx,Tel Aviv,Security,100,0.10,2022-11-02,Series C,Israel,92.00,806
Smava,Berlin,Finance,100,0.15,2022-11-02,Unknown,Germany,188.00,807
Iron Ox,SF Bay Area,Food,50,0.50,2022-11-02,Series C,United States,103.00,808
Upstart,SF Bay Area,Finance,140,0.07,2022-11-01,Post-IPO,United States,144.00,815
Gem,SF Bay Area,Recruiting,100,0.33,2022-11-01,Series C,United States,148.00,816
Oda,Oslo,Food,70,0.18,2022-11-01,Unknown,Sweden,377.00,817
Oda,Oslo,Food,70,0.18,2022-11-01,Unknown,Norway,477.00,818
Oda,Oslo,Food,70,0.06,2022-11-01,Unknown,Norway,479.00,819
Hootsuite,Vancouver,Marketing,50,0.05,2022-11-01,Series C,Canada,300.00,820
Kry,Stockholm,Healthcare,300,0.10,2022-10-31,Series D,Sweden,568.00,825
EquityZen,New York City,Finance,30,0.27,2022-10-31,Series B,United States,11.00,827
Equitybee,SF Bay Area,Finance,25,0.20,2022-10-31,Series B,United States,85.00,828
Fifth Season,Pittsburgh,Food,100,1.00,2022-10-28,Series B,United States,35.00,831
RenoRun,Montreal,Construction,210,0.43,2022-10-27,Series B,Canada,163.00,834
Recharge,Los Angeles,Finance,84,0.17,2022-10-27,Series B,United States,277.00,835
MindBody,San Luis Obispo,Fitness,400,0.15,2022-10-26,Post-IPO,United States,114.00,839
Zillow,Seattle,Real Estate,300,0.05,2022-10-26,Post-IPO,United States,97.00,840
Cybereason,Boston,Security,200,0.17,2022-10-26,Series F,United States,750.00,841
Fundbox,SF Bay Area,Finance,150,0.42,2022-10-25,Series D,United States,553.00,845
Embroker,SF Bay Area,Finance,30,0.12,2022-10-25,Series C,United States,142.00,846
Vee,Tel Aviv,HR,17,0.50,2022-10-25,Seed,Israel,15.00,847
Cerebral,SF Bay Area,Healthcare,400,0.20,2022-10-24,Series C,United States,462.00,851
Snyk,Boston,Security,198,0.14,2022-10-24,Series F,United States,849.00,852
Unico,Sao Paulo,Other,50,0.04,2022-10-24,Series D,Brazil,336.00,854
OrCam,Jerusalem,Healthcare,62,0.16,2022-10-23,Unknown,Israel,86.00,855
Antidote Health,Tel Aviv,Healthcare,23,0.38,2022-10-23,Unknown,Israel,36.00,856
Khoros,Austin,Sales,120,0.10,2022-10-21,Private Equity,United States,138.00,857
Elinvar,Berlin,Finance,43,0.33,2022-10-21,Unknown,Germany,30.00,859
Synapsica,New Delhi,Healthcare,30,0.30,2022-10-21,Series A,India,4.00,860
Hotmart,Belo Horizonte,Marketing,227,0.12,2022-10-20,Series C,Brazil,127.00,862
Zeus Living,SF Bay Area,Real Estate,64,0.46,2022-10-20,Series C,United States,151.00,863
Loom,SF Bay Area,Product,23,0.11,2022-10-20,Series C,United States,203.00,864
AtoB,SF Bay Area,Finance,32,0.30,2022-10-19,Series B,United States,177.00,870
InfoSum,London,Security,20,0.12,2022-10-19,Series B,United Kingdom,88.00,871
Faire,SF Bay Area,Retail,84,0.07,2022-10-18,Series G,United States,1700.00,875
Leafly,Seattle,Retail,56,0.21,2022-10-18,Post-IPO,United States,71.00,876
Flipboard,SF Bay Area,Media,24,0.21,2022-10-16,Unknown,United States,235.00,881
Beyond Meat,Los Angeles,Food,200,0.19,2022-10-14,Post-IPO,United States,122.00,884
Playdots,New York City,Consumer,65,1.00,2022-10-13,Acquired,United States,10.00,888
Byju's,Bengaluru,Education,2500,0.05,2022-10-12,Private Equity,India,5500.00,890
6sense,SF Bay Area,Sales,150,0.10,2022-10-12,Series E,United States,426.00,891
FrontRow,Bengaluru,Education,130,0.75,2022-10-12,Series A,India,17.00,893
Noom,New York City,Healthcare,500,0.10,2022-10-11,Series F,United States,657.00,894
Brex,SF Bay Area,Finance,136,0.11,2022-10-11,Series D,United States,1500.00,896
Pacaso,SF Bay Area,Real Estate,100,0.30,2022-10-11,Series C,United States,217.00,897
Udacity,SF Bay Area,Education,55,0.13,2022-10-11,Unknown,United States,235.00,899
Linkfire,Copenhagen,Marketing,35,0.35,2022-10-11,Seed,Denmark,2.00,900
Momentive,SF Bay Area,Marketing,180,0.11,2022-10-10,Post-IPO,United States,1100.00,905
Pavilion Data,SF Bay Area,Infrastructure,96,0.96,2022-10-10,Series D,United States,103.00,906
Redesign Health,New York City,Healthcare,67,0.20,2022-10-10,Series C,United States,315.00,907
BioMarin,SF Bay Area,Healthcare,120,0.04,2022-10-07,Post-IPO,United States,585.00,909
Crypto.com,Singapore,Crypto,2000,0.30,2022-10-06,Unknown,Singapore,156.00,911
Peloton,New York City,Fitness,500,0.12,2022-10-06,Post-IPO,United States,1900.00,912
Impossible Foods,SF Bay Area,Food,50,0.06,2022-10-06,Series H,United States,1900.00,915
Built In,Chicago,Recruiting,50,0.25,2022-10-05,Series C,United States,29.00,920
8x8,SF Bay Area,Support,200,0.09,2022-10-04,Post-IPO,United States,253.00,922
Homie,Salt Lake City,Real Estate,40,0.13,2022-10-04,Series B,United States,35.00,923
Spin,SF Bay Area,Transportation,78,0.10,2022-09-30,Acquired,United States,8.00,930
Mux,SF Bay Area,Infrastructure,40,0.20,2022-09-29,Series D,United States,173.00,935
DocuSign,SF Bay Area,Sales,671,0.09,2022-09-28,Post-IPO,United States,536.00,938
Divvy Homes,SF Bay Area,Real Estate,40,0.12,2022-09-27,Series B,United States,180.00,941
Moss,Berlin,Fin-Tech,70,0.15,2022-09-23,Series B,Germany,150.00,945
Foxtrot,Chicago,Food,26,0.04,2022-09-23,Series C,United States,166.00,946
Truiloo,Vancouver,Security,24,0.05,2022-09-23,Series D,Canada,474.00,947
NYDIG,New York City,Crypto,110,0.33,2022-09-22,Private Equity,United States,1400.00,949
Kitty Hawk,SF Bay Area,Aerospace,100,1.00,2022-09-21,Unknown,United States,1.00,952
Ada,Toronto,Support,78,0.16,2022-09-20,Series C,Canada,190.00,956
99,Sao Paulo,Transportation,75,0.02,2022-09-20,Acquired,Brazil,244.00,957
Vesalius Therapeutics,Boston,Healthcare,29,0.43,2022-09-19,Series B,United States,75.00,961
Clear,Bengaluru,Finance,190,0.20,2022-09-16,Series C,India,140.00,964
TrueLayer,London,Finance,40,0.10,2022-09-16,Series E,United States,271.00,965
LivePerson,New York City,Support,193,0.11,2022-09-15,Post-IPO,United States,42.00,966
Acast,Stockholm,Media,70,0.15,2022-09-15,Post-IPO,Sweden,126.00,967
WorkRamp,SF Bay Area,HR,35,0.20,2022-09-15,Series C,United States,67.00,968
Twilio,SF Bay Area,Other,800,0.11,2022-09-14,Post-IPO,United States,614.00,971
Pitch,Berlin,Marketing,59,0.30,2022-09-14,Series B,Germany,137.00,972
Infarm,Berlin,Other,50,0.05,2022-09-14,Series D,Germany,604.00,973
Rubius,Boston,Healthcare,160,0.75,2022-09-13,Post-IPO,United States,445.00,976
Checkout.com,London,Finance,100,0.05,2022-09-13,Series D,United Kingdom,1800.00,977
Taboola,New York City,Marketing,100,0.06,2022-09-13,Post-IPO,United States,445.00,978
Patreon,SF Bay Area,Media,80,0.17,2022-09-13,Series F,United States,413.00,979
Compete,Tel Aviv,HR,11,0.28,2022-09-12,Series A,Israel,17.00,984
Pomelo Fashion,Bangkok,Retail,55,0.08,2022-09-08,Unknown,Thailand,120.00,998
Simple Feast,Copenhagen,Food,150,1.00,2022-09-07,Unknown,Denmark,173.00,1002
Intercom,SF Bay Area,Support,49,0.05,2022-09-07,Series D,United States,240.00,1006
Pendo,Raleigh,Product,45,0.05,2022-09-07,Series F,United States,469.00,1007
Demandbase,SF Bay Area,Sales,27,0.03,2022-09-07,Series H,United States,143.00,1008
Brave Care,Portland,Healthcare,40,0.33,2022-09-06,Series B,United States,42.00,1012
Lawgeex,Tel Aviv,Legal,30,0.33,2022-09-06,Series C,Israel,41.00,1013
Kuda,Lagos,Finance,23,0.05,2022-09-02,Series B,Nigeria,91.00,1016
2TM,Sao Paulo,Crypto,100,0.15,2022-09-01,Unknown,Brazil,250.00,1019
Innovaccer,SF Bay Area,Healthcare,90,0.08,2022-09-01,Series E,United States,379.00,1020
Urban Sports Club,Berlin,Fitness,55,0.15,2022-09-01,Unknown,Germany,95.00,1022
Snap,Los Angeles,Consumer,1280,0.20,2022-08-31,Post-IPO,United States,4900.00,1024
GoodRx,Los Angeles,Healthcare,140,0.16,2022-08-31,Post-IPO,United States,910.00,1025
Smava,Berlin,Finance,100,0.10,2022-08-31,Unknown,Germany,188.00,1026
Hippo Insurance,SF Bay Area,Finance,70,0.10,2022-08-31,Post-IPO,United States,1300.00,1027
TCR2,Boston,Healthcare,30,0.20,2022-08-31,Post-IPO,United States,173.00,1030
Apartment List,SF Bay Area,Real Estate,29,0.10,2022-08-31,Series D,United States,169.00,1031
Immersive Labs,Bristol,Security,38,0.10,2022-08-30,Series C,United Kingdom,123.00,1037
54gene,Washington D.C.,Healthcare,95,0.30,2022-08-29,Series B,United States,44.00,1040
Argyle,New York City,Finance,20,0.07,2022-08-26,Series B,United States,78.00,1046
Reali,SF Bay Area,Real Estate,140,1.00,2022-08-24,Series B,United States,117.00,1052
Loop,Washington D.C.,Finance,15,0.20,2022-08-24,Series A,United States,24.00,1053
Tier Mobility,Berlin,Transportation,180,0.16,2022-08-23,Series D,Germany,646.00,1055
Packable,New York City,Retail,138,0.20,2022-08-23,Unknown,United States,472.00,1056
Q4,Toronto,Other,50,0.08,2022-08-23,Series C,Canada,91.00,1057
Skedulo,SF Bay Area,HR,31,0.08,2022-08-23,Series C,United States,114.00,1058
Plato,SF Bay Area,HR,29,0.50,2022-08-23,Seed,United States,3.00,1059
NSO,Tel Aviv,Security,100,0.14,2022-08-21,Seed,Israel,1.00,1065
Tufin,Boston,Security,55,0.10,2022-08-21,Acquired,United States,21.00,1066
Amperity,Seattle,Marketing,13,0.03,2022-08-20,Series D,United States,187.00,1067
Wayfair,Boston,Retail,870,0.05,2022-08-19,Post-IPO,United States,1700.00,1068
New Relic,SF Bay Area,Infrastructure,110,0.05,2022-08-18,Post-IPO,United States,214.00,1071
Wheel,Austin,Healthcare,35,0.17,2022-08-18,Series C,United States,215.00,1072
Malwarebytes,SF Bay Area,Security,125,0.14,2022-08-17,Series B,United States,80.00,1076
AlayaCare,Montreal,Healthcare,80,0.14,2022-08-16,Series D,Canada,293.00,1082
Pliops,Tel Aviv,Data,12,0.09,2022-08-16,Series D,Israel,205.00,1083
Woven,Indianapolis,HR,5,0.15,2022-08-16,Series A,United States,11.00,1084
Sema4,Stamford,Healthcare,250,0.13,2022-08-15,Post-IPO,United States,791.00,1089
Blend,SF Bay Area,Finance,220,0.12,2022-08-15,Post-IPO,United States,665.00,1090
ContraFect,New York City,Healthcare,16,0.37,2022-08-15,Post-IPO,United States,380.00,1091
Peloton,New York City,Fitness,784,0.13,2022-08-12,Post-IPO,United States,1900.00,1095
Truepill,SF Bay Area,Healthcare,175,0.33,2022-08-11,Series D,United States,255.00,1098
Calm,SF Bay Area,Healthcare,90,0.20,2022-08-11,Series C,United States,218.00,1099
FourKites,Chicago,Logistics,60,0.08,2022-08-11,Series D,United States,201.00,1100
Marketforce,Nairobi,Retail,54,0.09,2022-08-11,Series A,Kenya,42.00,1101
Trybe,Sao Paulo,Education,47,0.10,2022-08-10,Series B,Brazil,40.00,1105
Permutive,London,Marketing,30,0.12,2022-08-10,Series C,United Kingdom,105.00,1106
GoHealth,Chicago,Healthcare,800,0.20,2022-08-09,Post-IPO,United States,75.00,1110
Hootsuite,Vancouver,Marketing,400,0.30,2022-08-09,Series C,Canada,300.00,1111
Nutanix,SF Bay Area,Infrastructure,270,0.04,2022-08-09,Post-IPO,United States,1100.00,1112
Quanterix,Boston,Healthcare,130,0.25,2022-08-09,Post-IPO,United States,533.00,1113
MadeiraMadeira,Curitiba,Retail,60,0.03,2022-08-09,Series E,Brazil,338.00,1115
Linktree,Melbourne,Consumer,50,0.17,2022-08-09,Unknown,Australia,165.00,1117
Shogun,SF Bay Area,Retail,48,0.30,2022-08-09,Series C,United States,114.00,1118
Groupon,Chicago,Retail,500,0.15,2022-08-08,Post-IPO,United States,1400.00,1127
Loggi,Sao Paulo,Logistics,500,0.15,2022-08-08,Series F,Brazil,507.00,1128
Perion,Tel Aviv,Marketing,20,0.05,2022-08-08,Post-IPO,Israel,76.00,1132
iRobot,Boston,Consumer,140,0.10,2022-08-05,Acquired,United States,30.00,1135
Mejuri,Toronto,Retail,50,0.10,2022-08-05,Series B,Canada,28.00,1136
Uberflip,Toronto,Marketing,31,0.17,2022-08-05,Series A,Canada,42.00,1137
Doma,SF Bay Area,Finance,250,0.13,2022-08-04,Post-IPO,United States,679.00,1140
Jam City,Los Angeles,Consumer,200,0.17,2022-08-04,Unknown,United States,652.00,1142
10X Genomics,SF Bay Area,Healthcare,100,0.08,2022-08-04,Post-IPO,United States,242.00,1143
LEAD,Mumbai,Education,80,0.04,2022-08-04,Series E,India,166.00,1144
On Deck,SF Bay Area,Education,73,0.33,2022-08-04,Series A,United States,20.00,1146
RenoRun,Montreal,Construction,70,0.12,2022-08-04,Series B,Canada,163.00,1147
Unbounce,Vancouver,Marketing,47,0.20,2022-08-03,Series A,Canada,39.00,1155
Robinhood,SF Bay Area,Finance,713,0.23,2022-08-02,Post-IPO,United States,5600.00,1162
Latch,New York City,Security,115,0.37,2022-08-02,Post-IPO,United States,342.00,1163
Nylas,SF Bay Area,Product,80,0.25,2022-08-02,Series C,United States,175.00,1166
Outreach,Seattle,Sales,60,0.05,2022-08-02,Series G,United States,489.00,1167
Sendy,Nairobi,Logistics,54,0.20,2022-08-02,Series B,Kenya,26.00,1168
Sendy,Nairobi,Logistics,30,0.10,2022-08-02,Series B,Kenya,26.00,1170
Stedi,Boulder,Product,23,0.30,2022-08-02,Series B,United States,75.00,1171
Glossier,New York City,Retail,19,0.08,2022-08-02,Series E,United States,266.00,1172
Hash,Sao Paulo,Finance,58,0.50,2022-08-01,Series C,Brazil,58.00,1175
Metigy,Sydney,Marketing,75,1.00,2022-07-31,Series B,Australia,18.00,1182
Vee,Tel Aviv,HR,16,0.32,2022-07-31,Seed,Israel,15.00,1183
Clearco,Toronto,Fin-Tech,125,0.25,2022-07-29,Series C,Canada,681.00,1186
Quantcast,SF Bay Area,Marketing,40,0.06,2022-07-29,Series C,United States,65.00,1189
Career Karma,SF Bay Area,Education,60,0.33,2022-07-28,Series B,United States,51.00,1195
Metromile,SF Bay Area,Finance,60,0.20,2022-07-28,Acquired,United States,510.00,1196
Rivian,Detroit,Transportation,840,0.06,2022-07-27,Post-IPO,United States,10700.00,1206
Vox Media,Washington D.C.,Media,39,0.02,2022-07-27,Series F,United States,307.00,1207
Coinsquare,Toronto,Crypto,30,0.24,2022-07-27,Unknown,Canada,98.00,1208
Skai,Tel Aviv,Marketing,30,0.04,2022-07-27,Series E,Israel,60.00,1209
Shopify,Ottawa,Retail,1000,0.10,2022-07-26,Post-IPO,Canada,122.00,1210
Fiverr,Tel Aviv,Other,60,0.08,2022-07-26,Post-IPO,Israel,111.00,1212
InDebted,Sydney,Finance,40,0.17,2022-07-26,Series B,Australia,41.00,1213
Outbrain,New York City,Marketing,38,0.03,2022-07-26,Post-IPO,United States,394.00,1214
Dover,SF Bay Area,Recruiting,23,0.30,2022-07-26,Series A,United States,22.00,1215
Immutable,Sydney,Crypto,20,0.06,2022-07-26,Series C,Australia,279.00,1216
Pear Therapeutics ,Boston,Healthcare,25,0.09,2022-07-25,Post-IPO,United States,409.00,1218
Soluto,Tel Aviv,Support,120,1.00,2022-07-24,Acquired,Israel,18.00,1220
Eucalyptus,Sydney,Healthcare,50,0.20,2022-07-22,Series C,United States,69.00,1221
Quanto,Sao Paulo,Finance,28,0.22,2022-07-22,Series A,Brazil,15.00,1223
Clarify Health,SF Bay Area,Healthcare,15,0.05,2022-07-22,Series D,United States,328.00,1224
Blockchain.com,London,Crypto,150,0.25,2022-07-21,Series D,United Kingdom,490.00,1230
WHOOP,Boston,Fitness,95,0.15,2022-07-21,Series F,United States,404.00,1233
Rad Power Bikes,Seattle,Transportation,63,0.10,2022-07-21,Series D,United States,329.00,1234
Lunchbox,New York City,Food,60,0.33,2022-07-21,Series B,United States,72.00,1235
RealSelf,Seattle,Healthcare,11,0.05,2022-07-21,Series B,United States,42.00,1236
Flyhomes,Seattle,Real Estate,200,0.20,2022-07-20,Series C,United States,310.00,1243
Lyft,SF Bay Area,Transportation,60,0.02,2022-07-20,Post-IPO,United States,4900.00,1246
Introhive,Ferdericton,Sales,57,0.16,2022-07-20,Series C,Canada,125.00,1247
Zencity,Tel Aviv,Other,30,0.20,2022-07-20,Unknown,Israel,51.00,1248
Forma.ai,Toronto,Sales,15,0.09,2022-07-20,Series B,Canada,58.00,1250
Olive,Columbus,Healthcare,450,0.31,2022-07-19,Series H,United States,856.00,1253
Lusha,New York City,Marketing,30,0.10,2022-07-18,Series B,United States,245.00,1260
Bright Money,Bengaluru,Finance,100,0.50,2022-07-15,Series A,India,31.00,1266
Project44,Chicago,Logistics,63,0.05,2022-07-15,Unknown,United States,817.00,1267
Heroes,London,Retail,24,0.20,2022-07-15,Unknown,United States,265.00,1268
Zego,London,Finance,85,0.17,2022-07-14,Series C,United Kingdom,202.00,1271
Kiavi,SF Bay Area,Real Estate,39,0.07,2022-07-14,Series E,United States,240.00,1274
Wave,Dakar,Finance,300,0.15,2022-07-13,Series A,Senegal,292.00,1278
Tonal,SF Bay Area,Fitness,262,0.35,2022-07-13,Series E,United States,450.00,1279
Fabric,New York City,Logistics,120,0.40,2022-07-13,Series C,United States,336.00,1280
Bryter,Berlin,Product,100,0.30,2022-07-13,Series B,Germany,89.00,1281
ChowNow,Los Angeles,Food,100,0.20,2022-07-13,Series C,United States,64.00,1282
Involves,Florianópolis,Retail,70,0.18,2022-07-13,Unknown,Brazil,23.00,1283
Gopuff,Philadelphia,Food,1500,0.10,2022-07-12,Series H,United States,3400.00,1289
Hubilo,SF Bay Area,Marketing,45,0.12,2022-07-12,Series B,United States,153.00,1292
Hopin,London,Other,242,0.29,2022-07-11,Series D,United Kingdom,1000.00,1296
SundaySky,New York City,Marketing,24,0.13,2022-07-11,Series D,United States,74.00,1298
Butler Hospitality,New York City,Food,1000,1.00,2022-07-08,Series B,United States,50.00,1304
Unstoppable Domains,SF Bay Area,Crypto,42,0.25,2022-07-14,Series B,United States,7.00,1273
Calibrate,New York City,Healthcare,156,0.24,2022-07-08,Series B,United States,127.00,1305
Argo AI,Pittsburgh,Transportation,150,0.05,2022-07-07,Unknown,United States,3600.00,1307
Next Insurance,SF Bay Area,Finance,150,0.17,2022-07-07,Series E,United States,881.00,1308
Emotive,Los Angeles,Marketing,30,0.18,2022-07-07,Series B,United States,78.00,1310
Remote,SF Bay Area,HR,100,0.09,2022-07-06,Series C,United States,496.00,1313
Anodot,Tel Aviv,Data,35,0.27,2022-07-06,Series C,United States,64.00,1315
SQream,New York City,Data,30,0.18,2022-07-06,Series B,United States,77.00,1316
Loft,Sao Paulo,Real Estate,384,0.12,2022-07-05,Unknown,Brazil,788.00,1318
Bizzabo,New York City,Marketing,120,0.30,2022-07-05,Series E,United States,194.00,1319
eToro,Tel Aviv,Finance,100,0.06,2022-07-05,Unknown,Israel,322.00,1320
Verbit,New York City,Data,80,0.10,2022-07-05,Series E,United States,569.00,1321
Outschool,SF Bay Area,Education,31,0.18,2022-07-05,Series D,United States,240.00,1322
Bullish,Hong Kong,Crypto,30,0.08,2022-07-05,Unknown,Hong Kong,300.00,1323
Transmit Security,Boston,Security,27,0.07,2022-07-05,Series A,United States,583.00,1324
Thimble,New York City,Fin-Tech,20,0.33,2022-07-05,Series A,United States,28.00,1325
Syte,Tel Aviv,Retail,13,0.08,2022-07-05,Series C,Israel,71.00,1326
Lightricks,Jerusalem,Consumer,80,0.12,2022-07-04,Series D,Israel,335.00,1327
Sendle,Sydney,Logistics,27,0.12,2022-07-04,Series C,Australia,69.00,1329
Lendis,Berlin,Other,18,0.15,2022-07-04,Series A,Germany,90.00,1330
Celsius,New York City,Crypto,150,0.25,2022-07-03,Series B,United States,864.00,1333
WanderJaunt,SF Bay Area,Travel,85,1.00,2022-07-01,Series B,United States,26.00,1337
Canoo,Los Angeles,Transportation,58,0.06,2022-07-01,Post-IPO,United States,300.00,1338
Teleport,SF Bay Area,Infrastructure,15,0.06,2022-07-01,Series C,United States,169.00,1340
Enjoy,SF Bay Area,Retail,400,0.18,2022-06-30,Post-IPO,United States,310.00,1342
Crejo.Fun,Bengaluru,Education,170,1.00,2022-06-30,Seed,India,3.00,1343
Stash Financial,New York City,Finance,40,0.08,2022-06-30,Unknown,United States,480.00,1344
Nate,New York City,Retail,30,0.20,2022-06-30,Series A,United States,47.00,1345
Stream,Boulder,Product,20,0.12,2022-06-30,Series B,United States,58.00,1347
Finleap Connect,Hamburg,Finance,14,0.10,2022-06-30,Series A,Germany,22.00,1348
Abra,SF Bay Area,Crypto,12,0.05,2022-06-30,Series C,United States,106.00,1349
Unity,SF Bay Area,Other,200,0.04,2022-06-29,Post-IPO,United States,1300.00,1354
Niantic,SF Bay Area,Consumer,85,0.08,2022-06-29,Series D,United States,770.00,1355
Qumulo,Seattle,Data,80,0.19,2022-06-29,Series E,United States,347.00,1357
Clutch,Toronto,Transportation,76,0.22,2022-06-29,Series B,Canada,153.00,1358
Oye Rickshaw,New Delhi,Transportation,40,0.20,2022-06-29,Unknown,India,13.00,1360
Rows,Berlin,Other,18,0.30,2022-06-29,Series B,Germany,25.00,1361
Baton,SF Bay Area,Transportation,16,0.25,2022-06-29,Series A,United States,13.00,1362
Substack,SF Bay Area,Media,13,0.14,2022-06-29,Series B,United States,82.00,1363
Huobi,Beijing,Crypto,300,0.30,2022-06-28,Unknown,China,2.00,1369
StockX,Detroit,Retail,120,0.08,2022-06-28,Series E,United States,690.00,1371
Sidecar Health,Los Angeles,Healthcare,110,0.40,2022-06-28,Series C,United States,163.00,1372
Vezeeta,Dubai,Healthcare,50,0.10,2022-06-28,Series D,United Arab Emirates,71.00,1374
Bright Machines,SF Bay Area,Data,30,0.08,2022-06-28,Unknown,Israel,250.00,1375
HealthMatch,Sydney,Healthcare,18,0.50,2022-06-28,Series B,Australia,20.00,1376
AppLovin,SF Bay Area,Marketing,300,0.12,2022-06-27,Post-IPO,United States,1600.00,1380
UiPath,New York City,Data,210,0.05,2022-06-27,Post-IPO,United States,2000.00,1381
Udaan,Bengaluru,Retail,180,0.04,2022-06-27,Unknown,India,1500.00,1382
Banxa,Melbourne,Crypto,70,0.30,2022-06-27,Post-IPO,Australia,13.00,1384
SafeGraph,SF Bay Area,Data,27,0.25,2022-06-27,Series B,United States,61.00,1385
Bitpanda,Vienna,Crypto,270,0.27,2022-06-24,Series C,Austria,546.00,1388
Sunday,Atlanta,Finance,90,0.23,2022-06-24,Series A,United States,124.00,1389
Bestow,Dallas,Finance,41,0.14,2022-06-24,Series C,United States,137.00,1390
Ethos Life,SF Bay Area,Finance,40,0.12,2022-06-24,Series D,United States,406.00,1391
Netflix,SF Bay Area,Media,300,0.03,2022-06-23,Post-IPO,United States,121900.00,1394
Aura,Boston,Security,70,0.09,2022-06-23,Series F,United States,500.00,1395
Pipl,Spokane,Security,22,0.13,2022-06-23,Unknown,United States,19.00,1396
Vouch,SF Bay Area,Finance,15,0.07,2022-06-23,Series C,United States,159.00,1397
Voyage SMS,Los Angeles,Marketing,8,0.13,2022-06-23,Unknown,United States,10.00,1398
MasterClass,SF Bay Area,Education,120,0.20,2022-06-22,Series E,United States,461.00,1405
IronNet,Washington D.C.,Security,90,0.35,2022-06-22,Post-IPO,United States,410.00,1406
IronNet,Washington D.C.,Security,55,0.17,2022-06-22,Post-IPO,United States,410.00,1408
Superpedestrian,Boston,Transportation,35,0.07,2022-06-22,Series C,United States,261.00,1410
Voi,Stockholm,Transportation,35,0.10,2022-06-22,Series D,United States,515.00,1411
Ritual,Toronto,Food,23,0.16,2022-06-22,Series C,Canada,134.00,1413
Ebanx,Curitiba,Finance,340,0.20,2022-06-21,Series B,Brazil,460.00,1416
TaskUs,Los Angeles,Support,52,0.00,2022-06-21,Post-IPO,United States,279.00,1417
Community,Los Angeles,Marketing,40,0.30,2022-06-21,Unknown,United States,40.00,1418
Sourcegraph,SF Bay Area,Product,24,0.08,2022-06-21,Series D,United States,248.00,1419
SummerBio,SF Bay Area,Healthcare,101,1.00,2022-06-20,Unknown,United States,7.00,1424
Trax,Singapore,Retail,100,0.12,2022-06-20,Series E,Singapore,1000.00,1425
Aqgromalin,Chennai,Food,80,0.30,2022-06-20,Unknown,India,12.00,1426
Bonsai,Toronto,Retail,30,0.55,2022-06-20,Series A,Canada,27.00,1427
Brighte,Sydney,Energy,30,0.15,2022-06-20,Series C,Australia,145.00,1428
CityMall,Gurugram,Retail,191,0.30,2022-06-19,Series C,India,112.00,1431
BitOasis,Dubai,Crypto,9,0.05,2022-06-19,Series B,United Arab Emirates,30.00,1432
Unacademy,Bengaluru,Education,150,0.03,2022-06-18,Series H,India,838.00,1433
Socure,Reno,Finance,69,0.13,2022-06-17,Series E,United States,646.00,1435
Finite State,Columbus,Security,16,0.20,2022-06-17,Series B,United States,49.00,1436
JOKR,New York City,Food,50,0.05,2022-06-16,Series B,United States,430.00,1437
Zumper,SF Bay Area,Real Estate,45,0.15,2022-06-16,Series D,United States,178.00,1438
Swappie,Helsinki,Retail,250,0.17,2022-06-15,Series C,Finland,169.00,1441
Wealthsimple,Toronto,Finance,159,0.13,2022-06-15,Unknown,Canada,900.00,1442
Weee!,SF Bay Area,Food,150,0.10,2022-06-15,Series E,United States,863.00,1443
Notarize,Boston,Legal,110,0.25,2022-06-15,Series D,United States,213.00,1444
Elementor,Tel Aviv,Media,60,0.15,2022-06-15,Unknown,Israel,65.00,1445
Tonkean,SF Bay Area,Other,23,0.23,2022-06-15,Series B,United States,83.00,1446
OpenWeb,Tel Aviv,Media,14,0.05,2022-06-15,Series E,Israel,223.00,1448
Swyft,Toronto,Logistics,10,0.30,2022-06-15,Series A,Canada,20.00,1449
Coinbase,SF Bay Area,Crypto,1100,0.18,2022-06-14,Post-IPO,United States,549.00,1452
Redfin,Seattle,Real Estate,470,0.08,2022-06-14,Post-IPO,United States,319.00,1453
Compass,New York City,Real Estate,450,0.10,2022-06-14,Post-IPO,United States,1600.00,1454
Sami,Sao Paulo,Healthcare,75,0.15,2022-06-14,Unknown,Brazil,36.00,1455
Breathe,New Delhi,Healthcare,50,0.33,2022-06-14,Series A,India,6.00,1456
TIFIN,Boulder,Crypto,24,0.10,2022-06-14,Series D,United States,204.00,1458
BlockFi,New York City,Crypto,250,0.20,2022-06-13,Series E,United States,1000.00,1461
Wave Sports and Entertainment,Los Angeles,Media,56,0.33,2022-06-13,Series B,United States,65.00,1462
Studio,SF Bay Area,Education,33,0.40,2022-06-13,Series B,United States,50.00,1463
Crypto.com,Singapore,Crypto,260,0.05,2022-06-10,Unknown,Singapore,156.00,1466
FarEye,New Delhi,Logistics,250,0.30,2022-06-10,Series E,India,150.00,1467
Berlin Brands Group,Berlin,Retail,100,0.10,2022-06-10,Unknown,Germany,1000.00,1468
Sanar,Sao Paulo,Healthcare,60,0.20,2022-06-10,Unknown,Brazil,11.00,1469
Freetrade,London,Finance,45,0.15,2022-06-10,Unknown,United Kingdom,133.00,1470
Albert,Los Angeles,Finance,20,0.08,2022-06-10,Series C,United States,175.00,1471
OneTrust,Atlanta,Security,950,0.25,2022-06-09,Series C,United States,926.00,1475
Stitch Fix,SF Bay Area,Retail,330,0.15,2022-06-09,Post-IPO,United States,79.00,1476
Convoy,Seattle,Logistics,90,0.07,2022-06-09,Series E,United States,1100.00,1478
Hologram,Chicago,Infrastructure,80,0.40,2022-06-09,Series B,United States,82.00,1479
Boozt,Malmo,Retail,70,0.05,2022-06-09,Post-IPO,Sweden,56.00,1480
The Grommet,Boston,Retail,40,1.00,2022-06-09,Acquired,United States,5.00,1481
Stashaway,Singapore,Finance,31,0.14,2022-06-09,Series D,Singapore,61.00,1482
Preply,Boston,Education,26,0.05,2022-06-09,Series C,United States,100.00,1483
Sonder,SF Bay Area,Travel,250,0.21,2022-06-08,Post-IPO,United States,839.00,1487
Truepill,SF Bay Area,Healthcare,150,0.15,2022-06-08,Series D,United States,255.00,1489
iPrice Group,Kuala Lumpur,Retail,50,0.20,2022-06-08,Unknown,Malaysia,26.00,1490
Cazoo,London,Transportation,750,0.15,2022-06-07,Post-IPO,United Kingdom,2000.00,1492
Cazoo,London,Transportation,750,0.15,2022-06-07,Post-IPO,United Kingdom,2000.00,1493
Rupeek,Bengaluru,Finance,180,0.15,2022-06-07,Unknown,India,172.00,1494
Bird,Los Angeles,Transportation,138,0.23,2022-06-07,Post-IPO,United States,783.00,1496
Dutchie,Bend,Other,50,0.07,2022-06-06,Series D,United States,603.00,1503
Hunty,Bogota,HR,30,,2022-06-14,Seed,Colombia,6.00,1457
Superhuman,SF Bay Area,Consumer,23,0.22,2022-06-03,Series C,United States,108.00,1509
Food52,New York City,Food,21,0.15,2022-06-03,Acquired,United States,176.00,1510
Carbon Health,SF Bay Area,Healthcare,250,0.08,2022-06-02,Series D,United States,522.00,1514
PolicyGenius,New York City,Finance,170,0.25,2022-06-02,Series E,United States,286.00,1516
Yojak,Gurugram,Construction,140,0.50,2022-06-02,Seed,India,3.00,1517
Gemini,New York City,Crypto,100,0.10,2022-06-02,Unknown,United States,423.00,1519
Stord,Atlanta,Logistics,59,0.08,2022-06-02,Series D,United States,325.00,1520
Gather,SF Bay Area,Consumer,30,0.33,2022-06-02,Series B,United States,76.00,1521
IRL,SF Bay Area,Consumer,25,0.25,2022-06-02,Series C,United States,197.00,1523
Cybereason,Boston,Security,100,0.06,2022-06-01,Series F,United States,750.00,1528
Udayy,Gurugram,Education,100,1.00,2022-06-01,Seed,India,2.00,1529
2TM,Sao Paulo,Crypto,90,0.12,2022-06-01,Unknown,Brazil,250.00,1530
Curve,London,Finance,65,0.10,2022-06-01,Series C,United Kingdom,182.00,1531
Loom,SF Bay Area,Product,34,0.14,2022-06-01,Series C,United States,203.00,1532
Impala,London,Travel,30,0.35,2022-06-01,Series B,United Kingdom,32.00,1534
Tomo,Stamford,Finance,44,0.33,2022-05-31,Series A,United States,110.00,1540
BookClub,Salt Lake City,Education,12,0.25,2022-05-31,Series A,United States,26.00,1542
SWVL,Dubai,Transportation,400,0.32,2022-05-30,Post-IPO,United Arab Emirates,132.00,1544
Mobile Premier League,Bengaluru,Consumer,100,0.10,2022-05-30,Series E,India,375.00,1545
SumUp,Sao Paulo,Finance,100,0.03,2022-05-30,Unknown,Brazil,50.00,1546
FrontRow,Bengaluru,Education,145,0.30,2022-05-27,Series A,India,17.00,1548
Uncapped,London,Finance,29,0.26,2022-05-27,Unknown,United Kingdom,118.00,1550
VTEX,Sao Paulo,Retail,200,0.13,2022-05-26,Post-IPO,Brazil,365.00,1554
Bitso,Mexico City,Crypto,80,0.11,2022-05-26,Series C,Mexico,378.00,1555
Lacework,SF Bay Area,Security,300,0.20,2022-05-25,Series D,United States,1900.00,1558
Bolt,SF Bay Area,Finance,240,0.27,2022-05-25,Series E,United States,1300.00,1559
Kontist,Berlin,Finance,50,0.25,2022-05-25,Series B,Germany,53.00,1561
Nuri,Berlin,Finance,45,0.20,2022-05-25,Series B,Germany,42.00,1562
Coterie Insurance,Cincinnati,Finance,30,0.20,2022-05-25,Series B,United States,70.00,1563
Gorillas,Berlin,Food,300,0.50,2022-05-24,Series C,Germany,1300.00,1567
Klarna,Stockholm,Finance,700,0.10,2022-05-23,Unknown,Sweden,3700.00,1570
Buenbit,Buenos Aires,Crypto,80,0.45,2022-05-23,Series A,Argentina,11.00,1572
BeyondMinds,Tel Aviv,Data,65,1.00,2022-05-23,Series A,Israel,16.00,1573
ClickUp,San Diego,Other,60,0.07,2022-05-23,Series C,United States,537.00,1574
Airtime,New York City,Consumer,30,0.20,2022-05-23,Series B,United States,33.00,1575
MFine,Bengaluru,Healthcare,600,0.75,2022-05-21,Series C,India,97.00,1577
Latch,New York City,Security,130,0.28,2022-05-20,Post-IPO,United States,342.00,1578
Outside,Boulder,Media,87,0.15,2022-05-20,Series B,United States,174.00,1579
Skillz,SF Bay Area,Consumer,70,0.10,2022-05-20,Post-IPO,United States,287.00,1580
Cars24,Gurugram,Transportation,600,0.06,2022-05-19,Series G,India,1300.00,1581
Vedantu,Bengaluru,Education,424,0.07,2022-05-18,Series E,India,292.00,1582
Netflix,SF Bay Area,Media,150,0.01,2022-05-17,Post-IPO,United States,121900.00,1583
Kry,Stockholm,Healthcare,100,0.10,2022-05-17,Series D,Sweden,568.00,1584
Picsart,Miami,Consumer,90,0.08,2022-05-17,Series C,United States,195.00,1585
Zak,Sao Paulo,Food,100,0.40,2022-05-16,Series A,United States,29.00,1586
AliExpress Russia,Moscow,Retail,400,0.40,2022-05-14,Acquired,Russia,60.00,1588
DataRobot,Boston,Data,70,0.07,2022-05-11,Series G,United States,1000.00,1595
Doma,SF Bay Area,Finance,310,0.15,2022-05-10,Post-IPO,United States,679.00,1597
Pollen,London,Travel,200,0.33,2022-05-10,Series C,United Kingdom,238.00,1598
Latch,New York City,Security,30,0.06,2022-05-10,Post-IPO,United States,342.00,1599
Meero,Paris,Other,350,0.50,2022-05-09,Series C,France,293.00,1600
Vroom,New York City,Transportation,270,0.14,2022-05-09,Post-IPO,United States,1300.00,1601
Reef,Miami,Transportation,750,0.05,2022-05-06,Unknown,United States,1500.00,1602
Vedantu,Bengaluru,Education,200,0.03,2022-05-05,Series E,India,292.00,1604
Mural,SF Bay Area,Product,90,0.10,2022-05-05,Series C,United States,192.00,1605
On Deck,SF Bay Area,Education,72,0.25,2022-05-05,Series A,United States,20.00,1606
SEND,Sydney,Food,300,1.00,2022-05-04,Seed,Australia,3.00,1607
Cameo,Chicago,Consumer,87,0.25,2022-05-04,Unknown,United States,165.00,1609
Mainstreet,SF Bay Area,Finance,45,0.30,2022-05-04,Series A,United States,64.00,1610
Avo,Tel Aviv,Food,500,0.67,2022-05-01,Series B,Israel,45.00,1615
Domestika,SF Bay Area,Education,150,0.19,2022-04-28,Series D,United States,130.00,1617
Robinhood,SF Bay Area,Finance,340,0.09,2022-04-26,Post-IPO,United States,5600.00,1620
Bonsai,Toronto,Retail,29,0.34,2022-04-26,Series A,Canada,27.00,1621
Xiaohongshu,Shanghai,Consumer,180,0.09,2022-04-21,Series E,China,917.00,1624
Facily,Sao Paulo,Retail,260,0.30,2022-04-20,Series D,Brazil,502.00,1625
Blend,SF Bay Area,Finance,200,0.10,2022-04-19,Post-IPO,United States,665.00,1627
QuintoAndar,Sao Paulo,Real Estate,160,0.04,2022-04-19,Series E,Brazil,755.00,1628
Ahead,SF Bay Area,Healthcare,44,1.00,2022-04-14,Unknown,United States,9.00,1634
Rad Power Bikes,Seattle,Transportation,100,0.14,2022-04-12,Series D,United States,329.00,1636
Food52,New York City,Food,20,0.10,2022-04-08,Acquired,United States,176.00,1638
Unacademy,Bengaluru,Education,1000,0.17,2022-04-07,Series H,India,838.00,1639
BitMEX,Non-U.S.,Crypto,75,0.25,2022-04-04,Seed,Seychelles,0.00,1643
Legible,Vancouver,Media,23,0.38,2022-04-04,Post-IPO,Canada,3.00,1644
Rasa,Berlin,Data,59,0.40,2022-03-30,Series B,Germany,40.00,1647
Gopuff,Philadelphia,Food,450,0.03,2022-03-29,Series H,United States,3400.00,1648
Thinkific,Vancouver,Education,100,0.20,2022-03-29,Post-IPO,Canada,22.00,1649
Storytel,Stockholm,Media,100,0.10,2022-03-17,Post-IPO,Sweden,275.00,1652
Trell,Bengaluru,Retail,300,0.50,2022-03-15,Series B,India,62.00,1654
Knock,New York City,Real Estate,115,0.46,2022-03-15,Unknown,United States,654.00,1655
Better.com,New York City,Real Estate,3000,0.33,2022-03-08,Unknown,United States,905.00,1658
Adaptive Biotechnologies,Seattle,Healthcare,100,0.12,2022-03-08,Post-IPO,United States,406.00,1659
Hyperscience,New York City,Data,100,0.25,2022-03-03,Series E,United States,289.00,1660
Wish,SF Bay Area,Retail,190,0.15,2022-03-01,Post-IPO,United States,1600.00,1662
Virgin Hyperloop,Los Angeles,Transportation,111,0.50,2022-02-21,Unknown,United States,368.00,1666
Liv Up,Sao Paulo,Food,100,0.15,2022-02-16,Series D,Brazil,118.00,1668
Homie,Salt Lake City,Real Estate,119,0.29,2022-02-14,Series B,United States,35.00,1669
Hopin,London,Other,138,0.12,2022-02-10,Series D,United States,1000.00,1670
Daily Harvest,New York City,Food,60,0.20,2022-02-10,Series D,United States,120.00,1671
Peloton,New York City,Fitness,2800,0.20,2022-02-08,Post-IPO,United States,1900.00,1672
Rhino,New York City,Real Estate,57,0.20,2022-02-03,Unknown,United States,133.00,1674
Glossier,New York City,Consumer,80,0.33,2022-01-26,Series E,United States,266.00,1676
Better.com,New York City,Real Estate,900,0.09,2021-12-01,Unknown,United States,905.00,1681
BitTitan,Seattle,Data,70,0.27,2021-11-18,Acquired,United States,46.00,1682
Zillow,Seattle,Real Estate,2000,0.25,2021-11-02,Post-IPO,United States,97.00,1683
Treehouse,Portland,Education,41,0.90,2021-09-14,Series B,United States,12.00,1689
Flockjay,SF Bay Area,Education,37,0.50,2021-08-24,Series A,United States,14.00,1692
Katerra,SF Bay Area,Construction,2434,1.00,2021-06-01,Unknown,United States,1600.00,1695
New Relic,SF Bay Area,Infrastructure,160,0.07,2021-04-06,Post-IPO,United States,214.50,1700
Bounce,Bengaluru,Transportation,200,0.40,2021-02-22,Series D,India,214.20,1707
Quandoo,Berlin,Food,87,0.20,2021-02-03,Acquired,Germany,39.00,1711
Hubba,Toronto,Retail,45,1.00,2021-02-01,Series B,Canada,61.00,1712
Postmates,SF Bay Area,Food,180,0.15,2021-01-23,Acquired,United States,763.00,1716
Pocketmath,Singapore,Marketing,21,1.00,2021-01-20,Unknown,Singapore,20.00,1718
Dropbox,SF Bay Area,Other,315,0.15,2021-01-13,Post-IPO,United States,1700.00,1719
Breather,Montreal,Real Estate,120,0.80,2020-12-16,Series D,Canada,131.00,1724
Aya,Toronto,Finance,5,0.25,2020-11-19,Seed,United States,3.00,1728
Bridge Connector,Nashville,Healthcare,154,1.00,2020-11-17,Series B,United States,45.00,1730
Worksmith,Austin,Retail,30,0.50,2020-11-09,Unknown,United States,3.80,1734
Knotel,New York City,Real Estate,20,0.08,2020-10-29,Series C,United States,560.00,1739
GetYourGuide,Berlin,Travel,90,0.17,2020-10-14,Series E,Germany,656.00,1744
Alto Pharmacy,SF Bay Area,Healthcare,47,0.06,2020-09-29,Series D,United States,356.00,1747
NS8,Las Vegas,Data,240,0.95,2020-09-11,Series A,United States,157.90,1752
Waze,SF Bay Area,Transportation,30,0.05,2020-09-09,Acquired,United States,67.00,1755
GoBear,Singapore,Finance,22,0.11,2020-09-01,Unknown,Singapore,97.00,1761
MakeMyTrip,New Delhi,Travel,350,0.10,2020-08-31,Post-IPO,India,548.00,1762
Salesforce,SF Bay Area,Sales,1000,0.02,2020-08-26,Post-IPO,United States,65.40,1763
Docly,London,Healthcare,8,0.80,2020-08-19,Seed,United Kingdom,15.50,1768
Mozilla,SF Bay Area,Consumer,250,0.25,2020-08-11,Unknown,United States,2.30,1775
Eatsy,Singapore,Food,20,1.00,2020-08-08,Seed,Singapore,0.98,1776
Glossier,New York City,Retail,150,0.38,2020-08-07,Series D,United States,186.40,1777
Thriver,Toronto,Food,75,0.50,2020-08-06,Series B,Canada,53.00,1779
Buy.com / Rakuten,SF Bay Area,Retail,87,1.00,2020-07-30,Acquired,United States,42.40,1782
Procore,Los Angeles,Construction,180,0.09,2020-07-28,Unknown,United States,649.00,1785
Swiggy,Bengaluru,Food,350,0.05,2020-07-27,Series I,India,1600.00,1786
Zeitgold,Berlin,Finance,75,0.72,2020-07-27,Series B,Germany,60.18,1787
Checkr,SF Bay Area,HR,64,0.12,2020-07-23,Series D,United States,309.00,1789
LinkedIn,SF Bay Area,Recruiting,960,0.06,2020-07-21,Acquired,United States,154.00,1791
Lighter Capital,Seattle,Finance,22,0.49,2020-07-20,Series B,United States,15.00,1792
Optimizely,SF Bay Area,Marketing,60,0.15,2020-07-15,Series D,United States,251.20,1795
Skyscanner,Edinburgh,Travel,300,0.20,2020-07-14,Acquired,United Kingdom,197.20,1796
Zilingo,Singapore,Retail,100,0.12,2020-07-09,Series D,Singapore,307.00,1800
G2,Chicago,Marketing,17,0.05,2020-06-30,Series C,United States,100.80,1808
Katerra,SF Bay Area,Construction,400,0.07,2020-06-29,Series E,United States,1300.00,1810
Bounce,Bengaluru,Transportation,130,0.22,2020-06-29,Series D,India,214.20,1811
Sonos,New York City,Consumer,174,0.12,2020-06-24,Post-IPO,United States,455.20,1819
Gojek,Jakarta,Transportation,430,0.09,2020-06-23,Series F,Indonesia,4800.00,1821
ScaleFactor,Austin,Finance,90,0.90,2020-06-23,Series C,United States,103.00,1822
Dark,SF Bay Area,Product,6,1.00,2020-06-23,Seed,United States,3.00,1823
Intuit,SF Bay Area,Finance,715,0.07,2020-06-22,Post-IPO,United States,18.00,1824
Navi,Bengaluru,Finance,40,0.25,2020-06-17,Private Equity,India,582.00,1827
PaisaBazaar,Gurugram,Finance,1500,0.50,2020-06-16,Series G,India,496.00,1828
Grab,Singapore,Transportation,360,0.05,2020-06-16,Series I,Singapore,9900.00,1829
Splunk,SF Bay Area,Data,70,0.01,2020-06-16,Post-IPO,United States,40.00,1830
Redox,Madison,Healthcare,44,0.25,2020-06-16,Series C,United States,50.00,1831
Uber,Amsterdam,Transportation,225,0.25,2020-06-12,Post-IPO,Netherlands,24700.00,1834
SynapseFI,SF Bay Area,Finance,63,0.48,2020-06-12,Series B,United States,50.00,1835
Branch,New York City,Retail,3,0.27,2020-06-11,Seed,United States,2.00,1837
The Athletic,SF Bay Area,Media,46,0.08,2020-06-05,Series D,United States,139.00,1840
Ethos Life,SF Bay Area,Finance,18,0.14,2020-06-05,Series C,United States,106.00,1841
Lastline,SF Bay Area,Security,50,0.40,2020-06-04,Series C,United States,52.00,1842
Builder,Los Angeles,Product,39,0.14,2020-06-04,Series A,United States,29.00,1843
Monzo,London,Finance,120,0.08,2020-06-03,Series F,United Kingdom,324.00,1845
SpotHero,Chicago,Transportation,40,0.21,2020-06-03,Series D,United States,117.00,1847
Credit Sesame,SF Bay Area,Finance,22,0.14,2020-06-03,Series F,United States,120.00,1848
Rivian,Detroit,Transportation,40,0.02,2020-06-02,Private Equity,United States,3100.00,1850
Fundbox,SF Bay Area,Finance,14,0.15,2020-06-02,Series C,United States,453.00,1851
Descartes Labs,Santa Fe,Data,12,0.16,2020-06-02,Series B,United States,58.00,1852
Stitch Fix,SF Bay Area,Retail,1400,0.18,2020-06-01,Post-IPO,United States,79.00,1854
MakeMyTrip,Gurugram,Travel,350,0.10,2020-06-01,Post-IPO,India,548.00,1855
CrowdStreet,Portland,Real Estate,24,0.22,2020-06-01,Series C,United States,24.00,1856
Brex,SF Bay Area,Finance,62,0.15,2020-05-29,Series C,United States,732.00,1857
Loftium,Seattle,Real Estate,32,0.60,2020-05-29,Series A,United States,17.00,1858
BookMyShow,Mumbai,Consumer,270,0.18,2020-05-28,Unknown,India,224.00,1859
TrueCar,Los Angeles,Transportation,219,0.30,2020-05-28,Post-IPO,United States,340.00,1860
Culture Amp,Melbourne,HR,36,0.08,2020-05-28,Series E,Australia,157.00,1862
The Sill,New York City,Retail,20,0.25,2020-05-28,Series A,United States,7.00,1863
Instructure,Salt Lake City,Education,150,0.12,2020-05-27,Acquired,United States,89.00,1864
Ebanx,Curitiba,Finance,62,0.08,2020-05-27,Unknown,Brazil,30.00,1865
Uber,Bengaluru,Transportation,600,0.23,2020-05-26,Post-IPO,India,24700.00,1866
Bluprint,Denver,Education,137,1.00,2020-05-26,Acquired,United States,108.00,1867
Cvent,Washington D.C.,Marketing,400,0.10,2020-05-21,Acquired,United States,146.00,1871
PickYourTrail,Chennai,Travel,70,0.35,2020-05-21,Series A,India,3.00,1872
Glitch,New York City,Product,18,0.36,2020-05-21,Series A,United States,30.00,1873
Ola,Bengaluru,Transportation,1400,0.35,2020-05-20,Series J,India,3800.00,1875
Samsara,SF Bay Area,Logistics,300,0.18,2020-05-20,Series F,United States,530.00,1876
Stay Alfred,Spokane,Travel,221,1.00,2020-05-20,Series B,United States,62.00,1877
SoFi,SF Bay Area,Finance,112,0.07,2020-05-20,Private Equity,United States,2500.00,1878
ShareChat,Bengaluru,Marketing,101,0.25,2020-05-20,Series D,India,222.00,1879
Intercom,SF Bay Area,Support,39,0.06,2020-05-20,Series D,United States,240.00,1880
Livspace,Bengaluru,Retail,450,0.15,2020-05-19,Series D,India,157.00,1881
Pollen,London,Travel,69,0.31,2020-05-19,Series B,United Kingdom,88.00,1882
Uber,SF Bay Area,Transportation,3000,0.13,2020-05-18,Post-IPO,United States,24700.00,1885
Swiggy,Bengaluru,Food,1100,0.14,2020-05-18,Series I,India,1600.00,1887
WeWork,New Delhi,Real Estate,100,0.20,2020-05-18,Series H,India,19500.00,1888
Zomato,Gurugram,Food,520,0.13,2020-05-15,Series J,India,914.00,1894
Lendingkart,Ahmedabad,Finance,500,0.50,2020-05-15,Unknown,India,200.00,1895
Lattice,SF Bay Area,HR,16,0.10,2020-05-15,Series C,United States,49.00,1896
Cruise,SF Bay Area,Transportation,150,0.08,2020-05-14,Acquired,United States,5300.00,1898
Integral Ad Science,New York City,Marketing,70,0.10,2020-05-14,Acquired,United States,116.00,1900
Ridecell,SF Bay Area,Transportation,35,0.15,2020-05-14,Series B,United States,73.00,1901
Deliv,SF Bay Area,Retail,669,1.00,2020-05-13,Series C,United States,80.00,1905
Mercos,Joinville,Sales,51,0.40,2020-05-13,Unknown,Brazil,2.00,1906
Kickstarter,New York City,Finance,25,0.18,2020-05-13,Unknown,United States,10.00,1907
Zeus Living,SF Bay Area,Real Estate,73,0.50,2020-05-12,Series B,United States,79.00,1914
Mixpanel,SF Bay Area,Data,65,0.19,2020-05-12,Series B,United States,77.00,1915
Hireology,Chicago,Recruiting,36,0.17,2020-05-12,Series D,United States,52.00,1916
Top Hat,Toronto,Education,16,0.03,2020-05-12,Series D,Canada,104.00,1917
Revolut,London,Finance,60,0.03,2020-05-11,Series D,United Kingdom,837.00,1920
Cadre,New York City,Real Estate,28,0.25,2020-05-11,Series C,United States,133.00,1921
N26,New York City,Finance,9,0.01,2020-05-08,Series D,United States,782.00,1922
Jump,New York City,Transportation,500,1.00,2020-05-07,Acquired,United States,11.00,1923
Glassdoor,SF Bay Area,Recruiting,300,0.30,2020-05-07,Acquired,United States,204.00,1924
Numbrs,Zurich,Finance,62,0.50,2020-05-07,Series B,Switzerland,78.00,1925
Flywire,Boston,Finance,60,0.12,2020-05-07,Series E,United States,263.00,1926
Tally,SF Bay Area,Finance,28,0.23,2020-05-07,Series C,United States,92.00,1928
Uber,SF Bay Area,Transportation,3700,0.14,2020-05-06,Post-IPO,United States,24700.00,1930
Rubicon Project,Los Angeles,Marketing,50,0.08,2020-05-06,Post-IPO,United States,60.00,1933
Segment,SF Bay Area,Data,50,0.10,2020-05-06,Series D,United States,283.00,1934
Airbnb,SF Bay Area,Travel,1900,0.25,2020-05-05,Private Equity,United States,5400.00,1937
Juul,SF Bay Area,Consumer,900,0.30,2020-05-05,Unknown,United States,1500.00,1938
Andela,New York City,Recruiting,135,0.10,2020-05-05,Series D,United States,181.00,1939
Stack Overflow,New York City,Recruiting,40,0.15,2020-05-05,Series D,United States,68.00,1940
Workable,Boston,Recruiting,25,0.10,2020-05-05,Series C,United States,84.00,1942
CureFit,Bengaluru,Fitness,800,0.16,2020-05-04,Series D,India,404.00,1946
Careem,Dubai,Transportation,536,0.31,2020-05-04,Acquired,United Arab Emirates,771.00,1947
Oriente,Hong Kong,Finance,400,0.20,2020-05-04,Series B,Hong Kong,175.00,1948
Veriff,Tallinn,Security,63,0.21,2020-05-04,Series A,Estonia,7.00,1949
Element AI,Montreal,Other,62,0.15,2020-05-04,Series B,Canada,257.00,1950
Deputy,Sydney,HR,60,0.30,2020-05-04,Series B,Australia,106.00,1951
Loopio,Toronto,Sales,11,0.08,2020-05-04,Series A,Canada,11.00,1952
Trax,Tel Aviv,Retail,120,0.10,2020-05-03,Series D,Israel,386.00,1955
Namely,New York City,HR,110,0.40,2020-05-01,Series E,United States,217.00,1958
Culture Trip,London,Media,95,0.32,2020-05-01,Series B,United Kingdom,102.00,1959
Sandbox VR,SF Bay Area,Consumer,80,0.80,2020-05-01,Series A,United States,82.00,1960
TheSkimm,New York City,Media,26,0.20,2020-05-01,Series C,United States,28.00,1963
Lyft,SF Bay Area,Transportation,982,0.17,2020-04-29,Post-IPO,United States,4900.00,1972
Kayak / OpenTable,Stamford,Travel,160,0.08,2020-04-29,Acquired,United States,229.00,1974
Lime,SF Bay Area,Transportation,80,0.13,2020-04-29,Series D,United States,765.00,1976
Transfix,New York City,Logistics,24,0.10,2020-04-29,Series D,United States,128.00,1977
TripAdvisor,Boston,Travel,900,0.25,2020-04-28,Post-IPO,United States,3.00,1979
Deliveroo,London,Food,367,0.15,2020-04-28,Series G,United Kingdom,1500.00,1981
App Annie,SF Bay Area,Data,80,0.18,2020-04-28,Unknown,United States,156.00,1982
OpenX,Los Angeles,Marketing,35,0.15,2020-04-28,Unknown,United States,70.00,1983
PayJoy,SF Bay Area,Finance,27,0.25,2020-04-28,Series B,United States,71.00,1984
Shipsi,Los Angeles,Retail,20,0.50,2020-04-28,Seed,United States,2.00,1985
Automation Anywhere,SF Bay Area,Other,260,0.10,2020-04-27,Series B,United States,840.00,1988
JetClosing,Seattle,Real Estate,20,0.20,2020-04-27,Series A,United States,24.00,1989
Submittable,Missoula,Other,30,0.20,2020-04-25,Series B,United States,17.00,1993
Divergent 3D,Los Angeles,Transportation,57,0.36,2020-04-24,Series B,United States,88.00,1994
Ada Support,Toronto,Support,36,0.23,2020-04-24,Series B,Canada,60.00,1995
UPshow,Chicago,Marketing,19,0.30,2020-04-24,Series A,United States,7.00,1996
Lighter Capital,Seattle,Finance,18,0.22,2020-04-24,Series B,United States,15.00,1997
Horizn Studios,Berlin,Travel,15,0.25,2020-04-24,Series B,Germany,30.00,1998
Welkin Health,SF Bay Area,Healthcare,10,0.33,2020-04-24,Series B,United States,29.00,1999
Jiobit,Chicago,Consumer,6,0.21,2020-04-24,Unknown,United States,12.00,2000
TutorMundi,Sao Paulo,Education,4,1.00,2020-04-24,Series A,Brazil,2.00,2001
StockX,Detroit,Retail,100,0.12,2020-04-23,Series C,United States,160.00,2004
Zenefits,SF Bay Area,HR,87,0.15,2020-04-23,Series C,United States,583.00,2005
Sisense,New York City,Data,80,0.09,2020-04-23,Series F,United States,274.00,2006
Oscar Health,New York City,Healthcare,70,0.05,2020-04-23,Unknown,United States,1300.00,2007
Magic Leap,Miami,Consumer,1000,0.50,2020-04-22,Series E,United States,2600.00,2012
When I Work,Minneapolis,HR,55,0.35,2020-04-22,Series B,United States,24.00,2013
Ike,SF Bay Area,Transportation,10,0.14,2020-04-22,Series A,United States,52.00,2014
Lending Club,SF Bay Area,Finance,460,0.30,2020-04-21,Post-IPO,United States,392.00,2021
Houzz,SF Bay Area,Consumer,155,0.10,2020-04-21,Series E,United States,613.00,2022
Casper,New York City,Retail,78,0.21,2020-04-21,Post-IPO,United States,339.00,2023
RealSelf,Seattle,Healthcare,40,0.13,2020-04-21,Series B,United States,42.00,2024
Freshbooks,Toronto,Finance,38,0.09,2020-04-21,Series B,Canada,75.00,2025
Patreon,SF Bay Area,Media,30,0.13,2020-04-21,Series D,United States,165.00,2026
Bringg,Tel Aviv,Logistics,10,0.10,2020-04-21,Series D,Israel,84.00,2029
Klook,Hong Kong,Travel,300,0.15,2020-04-20,Series D,Hong Kong,521.00,2030
ConsenSys,New York City,Crypto,91,0.14,2020-04-20,Unknown,United States,10.00,2031
GumGum,Los Angeles,Marketing,90,0.25,2020-04-20,Series D,United States,58.00,2032
Kueski,Guadalajara,Finance,90,0.30,2020-04-20,Series B,Mexico,38.00,2033
Movidesk,Blumenau,Support,33,0.25,2020-04-20,Seed,Brazil,1.00,2034
Komodo Health,SF Bay Area,Healthcare,23,0.09,2020-04-20,Series C,United States,50.00,2036
Forward,SF Bay Area,Healthcare,10,0.03,2020-04-20,Series C,United States,100.00,2037
ContaAzul,Joinville,Education,140,0.35,2020-04-17,Series D,Brazil,37.00,2041
Greenhouse Software,New York City,Recruiting,120,0.28,2020-04-17,Series D,United States,110.00,2042
QuintoAndar,Sao Paulo,Real Estate,88,0.08,2020-04-17,Series D,Brazil,335.00,2043
Loft,Sao Paulo,Real Estate,47,0.10,2020-04-17,Series C,Brazil,263.00,2044
Zilingo,Singapore,Retail,44,0.05,2020-04-17,Series D,Singapore,307.00,2045
Sweetgreen,Los Angeles,Food,35,0.10,2020-04-17,Series I,United States,478.00,2047
People.ai,SF Bay Area,Marketing,30,0.18,2020-04-17,Series C,United States,100.00,2048
Tor,Boston,Security,13,0.37,2020-04-17,Unknown,United States,1.00,2049
CarGurus,Boston,Transportation,130,0.13,2020-04-16,Post-IPO,United States,1.00,2054
Funding Societies,Singapore,Finance,65,0.18,2020-04-16,Series B,Singapore,42.00,2055
CleverTap,Mumbai,Marketing,60,0.20,2020-04-16,Series C,India,76.00,2056
Opendoor,SF Bay Area,Real Estate,600,0.35,2020-04-15,Series E,United States,1500.00,2063
GoPro,SF Bay Area,Consumer,200,0.20,2020-04-15,Post-IPO,United States,288.00,2064
Shop101,Mumbai,Retail,200,0.40,2020-04-15,Series C,India,19.00,2065
Zume,SF Bay Area,Food,200,0.67,2020-04-15,Unknown,United States,423.00,2066
Carta,SF Bay Area,Finance,161,0.16,2020-04-15,Series E,United States,447.00,2067
Parsable,SF Bay Area,HR,40,0.25,2020-04-15,Series C,United States,72.00,2069
Kodiak Robotics,SF Bay Area,Transportation,15,0.20,2020-04-15,Series A,United States,40.00,2070
The RealReal,SF Bay Area,Retail,235,0.10,2020-04-14,Post-IPO,United States,358.00,2076
TouchBistro,Toronto,Food,131,0.23,2020-04-14,Series E,Canada,224.00,2077
Envoy,SF Bay Area,HR,58,0.30,2020-04-14,Series B,United States,59.00,2078
VSCO,SF Bay Area,Consumer,45,0.35,2020-04-14,Series B,United States,90.00,2079
Groupon,Chicago,Retail,2800,0.44,2020-04-13,Post-IPO,United States,1400.00,2085
Zoox,SF Bay Area,Transportation,100,0.10,2020-04-13,Series B,United States,955.00,2086
Neon,Sao Paulo,Finance,70,0.10,2020-04-13,Series B,Brazil,120.00,2087
EasyPost,SF Bay Area,Logistics,50,0.25,2020-04-13,Series A,United States,12.00,2088
Clearbanc,Toronto,Finance,17,0.08,2020-04-13,Series B,Canada,119.00,2089
Frontdesk,Milwaukee,Travel,35,0.16,2020-04-10,Unknown,United States,3.00,2091
NuoDB,Boston,Data,20,0.29,2020-04-10,Unknown,United States,85.00,2094
Rhumbix,SF Bay Area,Construction,16,0.27,2020-04-10,Series B,United States,35.00,2095
Atsu,Seattle,Infrastructure,6,1.00,2020-04-10,Unknown,United States,1.00,2096
Yelp,SF Bay Area,Consumer,1000,0.17,2020-04-09,Post-IPO,United States,56.00,2099
OneTrust,Atlanta,Legal,150,0.10,2020-04-09,Series B,United States,410.00,2101
Omie,Sao Paulo,Finance,136,0.31,2020-04-09,Series B,Brazil,26.00,2102
Domo,Salt Lake City,Data,90,0.10,2020-04-09,Post-IPO,United States,689.00,2103
Matterport,SF Bay Area,Data,90,0.34,2020-04-09,Series D,United States,114.00,2104
Clinc,Ann Arbor,Support,40,0.32,2020-04-09,Series B,United States,59.00,2105
Mejuri,Toronto,Retail,36,0.15,2020-04-09,Series B,Canada,28.00,2106
Code42,Minneapolis,Data,25,0.05,2020-04-09,Series B,United States,137.50,2107
LoopMe,London,Marketing,8,0.04,2020-04-09,Unknown,United Kingdom,32.00,2109
Eventbrite,SF Bay Area,Consumer,500,0.45,2020-04-08,Post-IPO,United States,332.00,2113
Meesho,Bengaluru,Retail,200,0.28,2020-04-08,Series D,India,215.00,2114
Scoop,SF Bay Area,Transportation,92,0.33,2020-04-08,Series C,United States,95.00,2115
Unison,SF Bay Area,Finance,89,0.45,2020-04-08,Series B,United States,40.00,2116
Lever,SF Bay Area,Recruiting,86,0.40,2020-04-08,Series C,United States,72.00,2117
Unbabel,Lisbon,Support,80,0.35,2020-04-08,Series C,Portugal,91.00,2118
Button,New York City,Marketing,48,0.35,2020-04-08,Series C,United States,64.00,2119
Eden / Managed By Q,New York City,Real Estate,40,0.40,2020-04-08,Series B,United States,40.00,2120
Quantcast,SF Bay Area,Marketing,30,0.05,2020-04-08,Series C,United States,65.00,2121
VideoAmp,Los Angeles,Marketing,21,0.10,2020-04-08,Series C,United States,106.00,2123
Kenoby,Sao Paulo,Recruiting,18,0.16,2020-04-08,Unknown,Brazil,23.00,2124
GetNinjas,Sao Paulo,Consumer,11,0.10,2020-04-08,Series B,Brazil,16.00,2126
Spyce,Boston,Food,4,0.12,2020-04-08,Series A,United States,26.00,2127
Toast,Boston,Food,1300,0.50,2020-04-07,Series F,United States,902.00,2134
ezCater,Boston,Food,400,0.44,2020-04-07,Series D,United States,319.00,2135
Sage Therapeutics,Boston,Healthcare,340,0.53,2020-04-07,Post-IPO,United States,438.00,2136
Redfin,Seattle,Real Estate,236,0.07,2020-04-07,Post-IPO,United States,319.00,2137
Branch Metrics,SF Bay Area,Marketing,100,0.20,2020-04-07,Series E,United States,367.00,2138
Ibotta,Denver,Retail,87,0.15,2020-04-07,Series D,United States,85.00,2140
Away,New York City,Retail,60,0.10,2020-04-07,Series D,United States,181.00,2142
MediaMath,New York City,Marketing,53,0.08,2020-04-07,Private Equity,United States,607.00,2143
Group Nine Media,New York City,Media,50,0.07,2020-04-07,Unknown,United States,190.00,2144
Metromile,SF Bay Area,Finance,100,0.33,2020-04-06,Series E,United States,293.00,2149
Rock Content,Belo Horizonte,Marketing,100,0.20,2020-04-06,Series A,Brazil,0.70,2150
BounceX,New York City,Marketing,77,0.20,2020-04-06,Series B,United States,75.00,2151
Wordstream,Boston,Marketing,26,0.10,2020-04-06,Acquired,United States,28.00,2153
Cogito,Boston,Support,24,0.14,2020-04-06,Series C,United States,92.00,2154
BusBud,Montreal,Transportation,23,0.32,2020-04-06,Series B,Canada,21.00,2155
Borrowell,Toronto,Finance,15,0.20,2020-04-06,Series B,Canada,72.00,2156
PerkSpot,Chicago,HR,10,0.10,2020-04-06,Private Equity,United States,50.00,2157
Astra,SF Bay Area,Aerospace,40,0.25,2020-04-05,Unknown,United States,100.00,2161
Iflix,Kuala Lumpur,Consumer,50,0.12,2020-04-04,Unknown,Malaysia,348.00,2162
Gympass,Sao Paulo,Fitness,467,0.33,2020-04-03,Series D,Brazil,300.00,2163
Sojern,SF Bay Area,Marketing,300,0.50,2020-04-03,Series D,United States,162.00,2164
Minted,SF Bay Area,Retail,147,0.37,2020-04-03,Series E,United States,297.00,2166
Arrive Logistics,Austin,Logistics,75,0.07,2020-04-03,Series B,United States,35.00,2170
Salsify,Boston,Retail,60,0.13,2020-04-03,Series D,United States,97.00,2171
Jetty,New York City,Finance,35,0.40,2020-04-03,Series B,United States,40.00,2172
D2iQ,SF Bay Area,Infrastructure,34,0.13,2020-04-03,Series D,United States,247.00,2173
Bustle Digital Group,New York City,Media,24,0.08,2020-04-03,Series E,United States,80.00,2174
Opencare,Toronto,Healthcare,18,0.25,2020-04-03,Series A,Canada,24.00,2176
MindBody,San Luis Obispo,Fitness,700,0.35,2020-04-02,Post-IPO,United States,114.00,2188
Katerra,SF Bay Area,Construction,240,0.03,2020-04-02,Series D,United States,1200.00,2189
Ritual,Toronto,Food,196,0.54,2020-04-02,Series C,Canada,112.00,2190
ClassPass,New York City,Fitness,154,0.22,2020-04-02,Series E,United States,549.00,2191
eGym,Munich,Fitness,100,0.25,2020-04-02,Series D,Germany,109.00,2192
Industrious,New York City,Real Estate,90,0.20,2020-04-02,Series D,United States,222.00,2194
1stdibs,New York City,Retail,70,0.17,2020-04-02,Series D,United States,253.00,2195
ThirdLove,SF Bay Area,Retail,65,0.30,2020-04-02,Series B,United States,68.00,2196
The Predictive Index,Boston,HR,59,0.25,2020-04-02,Acquired,United States,65.00,2198
Jobcase,Boston,Recruiting,39,0.20,2020-04-02,Private Equity,United States,118.00,2200
Dynamic Signal,SF Bay Area,HR,35,0.19,2020-04-02,Series E,United States,114.00,2202
Sauce Labs,SF Bay Area,Infrastructure,30,0.15,2020-04-02,Unknown,United States,151.00,2204
TripleLift,New York City,Marketing,23,0.07,2020-04-02,Series B,United States,16.00,2206
Coding Dojo,Seattle,Education,7,0.07,2020-04-02,Unknown,United States,2.00,2207
Instamojo,Bengaluru,Finance,6,0.06,2020-04-02,Unknown,India,8.00,2208
Synergysuite,Salt Lake City,Food,5,0.07,2020-04-02,Series A,United States,6.00,2209
PatientPop,Los Angeles,Healthcare,100,0.20,2020-04-01,Series B,United States,75.00,2217
Showpad,Chicago,Marketing,52,0.12,2020-04-01,Series D,United States,159.00,2218
Highsnobiety,Berlin,Media,51,0.25,2020-04-01,Series A,Germany,8.50,2219
Earnin,SF Bay Area,Finance,50,0.20,2020-04-01,Series C,United States,190.00,2220
Wonolo,SF Bay Area,Recruiting,46,0.13,2020-04-01,Series C,United States,52.00,2221
Acko,Mumbai,Finance,45,0.09,2020-04-01,Unknown,India,143.00,2222
Aqua Security,Tel Aviv,Security,24,0.09,2020-04-01,Series C,Israel,100.00,2224
Crayon,Boston,Marketing,20,0.20,2020-04-01,Series A,United States,16.00,2225
Sensibill,Toronto,Finance,17,0.20,2020-04-01,Series B,Canada,50.00,2227
Usermind,Seattle,Marketing,15,0.25,2020-04-01,Series C,United States,46.00,2228
Incredible Health,SF Bay Area,Healthcare,9,0.40,2020-04-01,Series A,United States,15.00,2229
KeepTruckin,SF Bay Area,Logistics,349,0.18,2020-03-31,Series D,United States,227.00,2236
AdRoll,Salt Lake City,Marketing,210,0.30,2020-03-31,Series C,United States,89.00,2237
Rover,Seattle,Consumer,194,0.41,2020-03-31,Series G,United States,310.00,2238
Turo,SF Bay Area,Transportation,108,0.30,2020-03-31,Series E,United States,467.00,2239
uShip,Austin,Logistics,65,0.37,2020-03-31,Series D,United States,69.00,2240
Zenoti,Seattle,Fitness,17,0.04,2020-03-31,Series C,United States,91.00,2244
DialSource,Sacramento,Marketing,5,0.14,2020-03-31,Series B,United States,26.00,2245
Thumbtack,SF Bay Area,Consumer,250,0.30,2020-03-30,Series F,United States,423.00,2252
RigUp,Austin,Energy,120,0.25,2020-03-30,Series D,United States,423.00,2253
FabHotels,New Delhi,Travel,80,0.20,2020-03-30,Series B,India,48.00,2254
Hibob,Tel Aviv,HR,70,0.30,2020-03-30,Series A,Israel,45.00,2255
PeerStreet,Los Angeles,Finance,51,0.30,2020-03-30,Series C,United States,110.00,2256
Maven,Seattle,Media,31,0.09,2020-03-30,Post-IPO,United States,77.00,2257
Loftsmart,New York City,Real Estate,25,0.75,2020-03-30,Series A,United States,18.00,2261
Iris Nova,New York City,Food,9,0.50,2020-03-30,Seed,United States,15.00,2263
ZipRecruiter,Los Angeles,Recruiting,400,0.39,2020-03-29,Series B,United States,219.00,2265
Amplero,Seattle,Marketing,17,1.00,2020-03-29,Series B,United States,25.00,2266
TravelTriangle,Gurugram,Travel,250,0.50,2020-03-28,Series D,India,47.00,2268
OneWeb,London,Aerospace,451,0.85,2020-03-27,Unknown,United Kingdom,3000.00,2271
Bird,Los Angeles,Transportation,406,0.30,2020-03-27,Series D,United States,623.00,2272
HOOQ,Singapore,Consumer,250,1.00,2020-03-27,Unknown,Singapore,95.00,2273
Blueground,New York City,Real Estate,130,0.25,2020-03-27,Series B,United States,77.00,2277
Knotel,New York City,Real Estate,127,0.30,2020-03-27,Series C,United States,560.00,2278
Getaround,SF Bay Area,Transportation,100,0.25,2020-03-27,Series D,United States,403.00,2279
Zipcar,Boston,Transportation,100,0.20,2020-03-27,Acquired,United States,107.00,2280
Mogo,Vancouver,Finance,78,0.30,2020-03-27,Post-IPO,Canada,201.00,2281
Bench,Vancouver,Finance,47,0.10,2020-03-27,Series B,Canada,49.00,2284
Bevi,Boston,Food,30,0.20,2020-03-27,Series C,United States,60.00,2287
Textio,Seattle,Recruiting,30,0.20,2020-03-27,Unknown,United States,41.00,2288
B8ta,SF Bay Area,Retail,250,0.50,2020-03-26,Series C,United States,88.00,2294
Puppet,Portland,Infrastructure,50,0.10,2020-03-26,Series F,United States,149.00,2296
Ecobee,Toronto,Energy,47,0.10,2020-03-26,Series C,Canada,149.00,2297
Peerspace,SF Bay Area,Real Estate,41,0.75,2020-03-26,Series B,United States,34.00,2299
GoSpotCheck,Denver,Retail,23,0.20,2020-03-26,Series B,United States,47.00,2300
Consider.co,SF Bay Area,Other,13,1.00,2020-03-26,Seed,United States,5.00,2301
TripActions,SF Bay Area,Travel,300,0.25,2020-03-25,Series D,United States,981.00,2303
WanderJaunt,SF Bay Area,Travel,56,0.23,2020-03-25,Series B,United States,26.00,2307
OutboundEngine,Austin,Marketing,52,0.28,2020-03-25,Series C,United States,48.00,2308
Wonderschool,SF Bay Area,Education,50,0.75,2020-03-25,Series A,United States,24.00,2309
Overtime,New York City,Media,30,0.23,2020-03-25,Series B,United States,35.00,2310
Jama,Portland,Product,12,0.05,2020-03-25,Unknown,United States,233.00,2311
Sonder,SF Bay Area,Travel,400,0.33,2020-03-24,Series D,United States,359.00,2317
Foodsby,Minneapolis,Food,87,0.67,2020-03-24,Series B,United States,20.00,2319
Zeus Living,SF Bay Area,Real Estate,80,0.30,2020-03-24,Series B,United States,79.00,2320
Compass,New York City,Real Estate,375,0.15,2020-03-23,Series G,United States,1600.00,2325
Convene,New York City,Real Estate,150,0.18,2020-03-23,Series D,United States,280.00,2326
Leafly,Seattle,Retail,91,0.50,2020-03-23,Acquired,United States,2.00,2327
The Guild,Austin,Travel,38,0.22,2020-03-23,Series B,United States,36.00,2328
GrayMeta,Los Angeles,Data,20,0.40,2020-03-23,Unknown,United States,7.00,2330
Triplebyte,SF Bay Area,Recruiting,15,0.17,2020-03-23,Series B,United States,48.00,2331
Ladder Life,SF Bay Area,Finance,13,0.25,2020-03-23,Series C,United States,94.00,2332
Flywheel Sports,New York City,Fitness,784,0.98,2020-03-20,Acquired,United States,120.00,2336
CTO.ai,Vancouver,Infrastructure,30,0.50,2020-03-20,Seed,Canada,7.00,2338
Remote Year,Chicago,Travel,50,0.50,2020-03-19,Series B,United States,17.00,2344
Flytedesk,Boulder,Marketing,4,0.20,2020-03-18,Seed,United States,4.00,2349
Inspirato,Denver,Travel,130,0.22,2020-03-16,Series C,United States,79.00,2350
Help.com,Austin,Support,16,1.00,2020-03-16,Seed,United States,6.00,2351
HopSkipDrive,Los Angeles,Transportation,8,0.10,2020-03-13,Unknown,United States,45.00,2353
Panda Squad,SF Bay Area,Consumer,6,0.75,2020-03-13,Seed,United States,1.00,2354
Tamara Mellon,Los Angeles,Retail,20,0.40,2020-03-12,Series C,United States,90.00,2355
Yahoo,SF Bay Area,Consumer,1600,0.20,2023-02-09,Acquired,United States,6.00,2358
Hibob,Tel Aviv,HR,70,0.30,2020-03-30,Series A,Israel,45.00,2359
Wildlife Studios,Sao Paulo,Consumer,300,0.20,2022-11-28,Unknown,Brazil,260.00,2361
Protego Trust Bank,Seattle,Crypto,,0.50,2023-03-01,Series A,United States,70.00,27
MeridianLink,Los Angeles,Finance,,0.09,2023-02-28,Post-IPO,United States,485.00,31
Poshmark,SF Bay Area,Retail,,0.02,2023-02-24,Acquired,United States,153.00,47
Dapper Labs,Vancouver,Crypto,,0.20,2023-02-23,Series D,United States,607.00,53
Messari,New York City,Crypto,,0.15,2023-02-23,Series B,United States,61.00,54
Immutable,Sydney,Crypto,,0.11,2023-02-22,Series C,Australia,279.00,59
Jounce Therapeutics,Boston,Healthcare,,0.57,2023-02-22,Acquired,United States,194.00,60
Locomation,Pittsburgh,Transportation,,1.00,2023-02-22,Seed,United States,57.00,61
Fipola,Chennai,Food,,1.00,2023-02-20,Series A,United States,9.00,73
Criteo,Paris,Marketing,,,2023-02-21,Post-IPO,France,61.00,66
Milkrun,Sydney,Food,,0.20,2023-02-15,Series A,Australia,86.00,93
Momentive,SF Bay Area,Marketing,,0.14,2023-02-15,Post-IPO,United States,1100.00,94
Tackle,Boise,Other,,0.15,2023-02-15,Series C,United States,148.00,97
Vicarious Surgical,Boston,Healthcare,,0.14,2023-02-15,Post-IPO,United States,185.00,98
HackerEarth,SF Bay Area,HR,,0.08,2023-02-14,Series B,United States,11.00,100
PhableCare,Bengaluru,Healthcare,,0.70,2023-02-14,Series B,India,40.00,101
Udemy,SF Bay Area,Education,,0.10,2023-02-14,Post-IPO,United States,311.00,102
Casavo,Milan,Real Estate,,0.30,2023-02-13,Unknown,Italy,708.00,110
Rigetti Computing,SF Bay Area,Hardware,,0.28,2023-02-10,Post-IPO,United States,298.00,118
GitHub,SF Bay Area,Product,,0.10,2023-02-09,Acquired,United States,350.00,129
Baraja,Sydney,Transportation,,0.75,2023-02-08,Unknown,Australia,63.00,138
Koho,Toronto,Finance,,0.14,2023-02-08,Series D,Canada,278.00,139
Medly,New York City,Healthcare,,1.00,2023-02-08,Series C,United States,100.00,140
Nearmap,Sydney,Construction,,0.20,2023-02-08,Acquired,Australia,15.00,141
Sana Benefits,Austin,HR,,0.19,2023-02-07,Series B,United States,106.00,148
Finder,Sydney,Retail,,0.15,2023-02-03,Unknown,Australia,30.00,163
Getaround,SF Bay Area,Transportation,,0.10,2023-02-02,Post-IPO,United States,948.00,176
NCSoft,Seoul,Consumer,,0.20,2023-02-02,Post-IPO,South Korea,240.00,177
Bustle Digital Group,New York City,Media,,0.08,2023-02-01,Series E,United States,80.00,191
Frequency Therapeutics,Boston,Healthcare,,0.50,2023-02-01,Post-IPO,United States,76.00,192
MariaDB,Helsinki,Data,,0.08,2023-02-01,Post-IPO,Finland,245.00,193
Rivian,Detroit,Transportation,,0.06,2023-02-01,Post-IPO,United States,10700.00,197
OpenText,Waterloo,Data,,0.08,2023-01-31,Post-IPO,Canada,1100.00,210
Prime Trust,Las Vegas,Crypto,,0.33,2023-01-30,Series B,United States,176.00,223
Quantum SI,New Haven,Healthcare,,0.12,2023-01-30,Post-IPO,United States,425.00,224
DriveWealth,Jersey City,Finance,,0.20,2023-01-26,Series D,United States,550.00,242
Plus One Robotics,San Antonio,Other,,0.10,2023-01-26,Series B,United States,43.00,244
CoachHub,Berlin,HR,,0.10,2023-01-24,Series C,Germany,332.00,266
Corvus Insurance,Boston,Finance,,0.14,2023-01-24,Series C,United States,160.00,267
PagerDuty,SF Bay Area,Product,,0.07,2023-01-24,Post-IPO,United States,173.00,269
Scoro,London,HR,,0.09,2023-01-24,Series B,United Kingdom,23.00,270
Camp K12,Gurugram,Education,,0.70,2023-01-23,Series A,India,16.00,278
Gemini,New York City,Crypto,,0.10,2023-01-23,Unknown,United States,423.00,279
Yext,New York City,Marketing,,0.08,2023-01-23,Post-IPO,United States,117.00,280
Cyteir Therapeutics,Boston,Healthcare,,0.70,2023-01-20,Series C,United States,156.00,293
Earth Rides,Nashville,Transportation,,1.00,2023-01-19,Unknown,United States,2.00,305
Magnite,Los Angeles,Marketing,,0.06,2023-01-19,Post-IPO,United States,400.00,309
Mudafy,Mexico City,Real Estate,,0.70,2023-01-19,Series A,United States,13.00,310
Personalis,SF Bay Area,Healthcare,,0.30,2023-01-19,Post-IPO,United States,225.00,311
Prisma,SF Bay Area,Data,,0.28,2023-01-19,Series B,United States,56.00,312
Wallbox,Barcelona,Energy,,0.15,2023-01-19,Post-IPO,Spain,167.00,314
80 Acres Farms,Cincinnati,Food,,0.10,2023-01-18,Unknown,United States,275.00,329
Aiven,Helsinki,Infrastructure,,0.20,2023-01-18,Series D,Finland,420.00,330
Betterfly,Santiago,Healthcare,,0.30,2023-01-18,Series C,Chile,204.00,332
Redbubble,Melbourne,Retail,,0.14,2023-01-18,Post-IPO,Australia,55.00,338
GoMechanic,Gurugram,Transportation,,0.70,2023-01-17,Series C,India,54.00,350
LiveVox,SF Bay Area,Support,,0.16,2023-01-17,Post-IPO,United States,12.00,351
Dunzo,Bengaluru,Food,,0.03,2023-01-16,Unknown,India,382.00,360
Ignition,Sydney,Finance,,0.10,2023-01-16,Series C,Australia,74.00,361
Rebel Foods,Mumbai,Food,,0.02,2023-01-16,Unknown,India,548.00,362
DeHaat,Patna,Food,,0.05,2023-01-15,Series E,India,254.00,366
Arch Oncology,Brisbane,Healthcare,,1.00,2023-01-13,Series C,United States,155.00,371
Jellyfish,Boston,Product,,0.09,2023-01-13,Series C,United States,114.00,375
Lattice,SF Bay Area,HR,,0.15,2023-01-12,Series F,United States,328.00,388
Life360,SF Bay Area,Consumer,,0.14,2023-01-12,Post-IPO,United States,158.00,389
Rock Content,Miami,Marketing,,0.15,2023-01-12,Series B,United States,34.00,390
Carta,SF Bay Area,HR,,0.10,2023-01-11,Series G,United States,1100.00,401
Limeade,Seattle,HR,,0.15,2023-01-11,Series C,United States,33.00,402
Paddle,London,Finance,,0.08,2023-01-11,Series D,United Kingdom,293.00,404
Beamery,London,HR,,0.12,2023-01-10,Series D,United States,223.00,418
Yabonza,Sydney,Real Estate,,1.00,2022-07-29,Unknown,Australia,6.00,1193
Citrix,Miami,Infrastructure,,0.15,2023-01-10,Acquired,United States,20.00,420
Esper,Seattle,Other,,0.21,2023-01-10,Series A,United States,10.00,421
WHOOP,Boston,Fitness,,0.04,2023-01-10,Series F,United States,404.00,422
Editas Medicine,Boston,Healthcare,,0.20,2023-01-09,Post-IPO,United States,656.00,425
Scale AI,SF Bay Area,Data,,0.20,2023-01-09,Series E,United States,602.00,426
Lantern,Grand Rapids,Retail,,1.00,2023-01-06,Seed,United States,40.00,435
Mojo Vision,SF Bay Area,Hardware,,0.75,2023-01-06,Series B,United States,204.00,436
SuperRare,Wilmington,Crypto,,0.30,2023-01-06,Series A,United States,9.00,437
Attentive,New York City,Marketing,,0.15,2023-01-05,Series E,United States,863.00,449
Stitch Fix,SF Bay Area,Retail,,0.20,2023-01-05,Post-IPO,United States,79.00,452
TCR2,Boston,Healthcare,,0.40,2023-01-05,Post-IPO,United States,173.00,453
Butterfly Network,Boston,Healthcare,,0.25,2023-01-04,Post-IPO,United States,530.00,459
Vimeo,New York City,Consumer,,0.11,2023-01-04,Post-IPO,United States,450.00,460
Wyre,SF Bay Area,Crypto,,1.00,2023-01-04,Unknown,United States,29.00,461
ByteDance,Shanghai,Consumer,,0.10,2023-01-03,Unknown,China,9400.00,465
Bilibili,Shanghai,Media,,0.30,2022-12-27,Post-IPO,China,3700.00,467
Octopus Network,Beau Vallon,Crypto,,0.40,2022-12-27,Series A,Seychelles,8.00,468
Element,London,Other,,0.15,2022-12-25,Series B,United Kingdom,96.00,470
Lendis,Berlin,Other,,0.50,2022-12-21,Series A,Germany,90.00,476
Zhihu,Beijing,Consumer,,0.10,2022-12-20,Series F,China,892.00,480
YourGrocer,Melbourne,Food,,1.00,2022-12-19,Unknown,Australia,2.00,484
Improbable,London,Other,,0.10,2022-12-16,Unknown,United Kingdom,704.00,489
Modern Treasury,SF Bay Area,Finance,,0.18,2022-12-16,Series C,United States,183.00,490
Reach,Calgary,Retail,,0.12,2022-12-16,Series A,Canada,30.00,491
SonderMind,Denver,Healthcare,,0.15,2022-12-16,Series C,United States,183.00,492
Apollo,SF Bay Area,Product,,0.15,2022-12-15,Series D,United States,183.00,497
Brodmann17,Tel Aviv,Other,,1.00,2022-12-09,Series A,Israel,25.00,524
ZenLedger,Seattle,Crypto,,0.10,2022-12-09,Series B,United States,25.00,527
Bakkt,Atlanta,Crypto,,0.15,2022-12-08,Post-IPO,United States,932.00,539
Blue Apron,New York City,Food,,0.10,2022-12-08,Post-IPO,United States,352.00,540
Nerdy,St. Louis,Education,,0.17,2022-12-08,Post-IPO,United States,150.00,543
Vanta,SF Bay Area,Security,,0.14,2022-12-08,Series B,United States,203.00,544
CircleCI,SF Bay Area,Product,,0.17,2022-12-07,Series F,United States,315.00,557
Sayurbox,Jakarta,Food,,0.05,2022-12-07,Series C,Indonesia,139.00,558
Nextiva,Phoenix,Other,,0.17,2022-12-06,Private Equity,United States,200.00,572
OneStudyTeam,Boston,Healthcare,,0.25,2022-12-06,Series D,United States,479.00,573
Zuora,SF Bay Area,Finance,,0.11,2022-12-06,Post-IPO,United States,647.00,574
Lora DiCarlo,Bend,Consumer,,1.00,2022-12-02,Unknown,United States,9.00,588
Podium,Lehi,Support,,0.12,2022-12-01,Series D,United States,419.00,594
SQZ Biotech,Boston,Healthcare,,0.60,2022-12-01,Post-IPO,United States,229.00,595
Strava,SF Bay Area,Fitness,,0.14,2022-12-01,Series F,United States,151.00,596
Synlogic,Boston,Healthcare,,0.25,2022-12-01,Post-IPO,United States,321.00,597
Elastic,SF Bay Area,Data,,0.13,2022-11-30,Post-IPO,United States,162.00,610
Sana,Seattle,Healthcare,,0.15,2022-11-30,Series A,United States,700.00,613
Codexis,SF Bay Area,Healthcare,,0.18,2022-11-29,Post-IPO,United States,162.00,619
Firework,SF Bay Area,Retail,,0.10,2022-11-29,Series B,United States,269.00,620
MessageBird,Amsterdam,Other,,0.31,2022-11-29,Series C,Netherlands,1100.00,622
Plerk,Guadalajara,Finance,,0.40,2022-11-29,Series A,Mexico,13.00,623
BlockFi,New York City,Crypto,,1.00,2022-11-28,Series E,United States,1000.00,632
NCX,SF Bay Area,Energy,,0.40,2022-11-28,Series B,United States,78.00,636
Bybit,Singapore,Crypto,,0.30,2022-12-03,Unknown,Singapore,,583
Change Invest,Amsterdam,Finance,,0.24,2022-11-27,Unknown,Netherlands,22.00,637
Assure,Salt Lake City,Finance,,1.00,2022-11-23,Seed,United States,2.00,646
GoodGood,Toronto,Retail,,1.00,2022-11-23,Seed,Canada,6.00,647
SWVL,Cairo,Transportation,,0.50,2022-11-23,Post-IPO,Egypt,264.00,648
Devo,Boston,Security,,0.15,2022-11-21,Series F,United States,481.00,657
Capitolis,New York City,Finance,,0.25,2022-11-18,Series D,United States,281.00,664
StoryBlocks,Washington D.C.,Media,,0.25,2022-11-18,Acquired,United States,18.00,668
Unchained Capital,Austin,Crypto,,0.15,2022-11-18,Series A,United States,33.00,669
Kandji,San Diego,Other,,0.17,2022-11-17,Series C,United States,188.00,679
Symend,Calgary,Other,,0.13,2022-11-17,Series C,Canada,148.00,681
D2L,Waterloo,Education,,0.05,2022-11-16,Post-IPO,Canada,168.00,691
Dance,Berlin,Transportation,,0.16,2022-11-16,Unknown,Germany,63.00,692
Homeward,Austin,Real Estate,,0.25,2022-11-16,Unknown,United States,501.00,693
Hopin,London,Other,,0.17,2022-11-16,Series D,United Kingdom,1000.00,694
Kite,SF Bay Area,Product,,1.00,2022-11-16,Series A,United States,21.00,696
Apollo Insurance,Vancouver,Finance,,0.25,2022-11-15,Series B,Canada,11.00,708
OfferUp,Seattle,Retail,,0.19,2022-11-15,Unknown,United States,381.00,711
Outside,Boulder,Media,,0.12,2022-11-15,Series B,United States,174.00,712
Rubicon Technologies,Lexington,Other,,0.11,2022-11-15,Post-IPO,United States,382.00,713
Whispir,Melbourne,Other,,0.30,2022-11-15,Post-IPO,Australia,68.00,716
Tricida,SF Bay Area,Healthcare,,0.57,2022-11-14,Post-IPO,United States,624.00,730
Offerpad,Phoenix,Real Estate,,0.07,2022-11-11,Post-IPO,United States,355.00,735
SendCloud,Eindhoven,Logistics,,0.10,2022-11-10,Series C,United States,200.00,746
CloudFactory,Nairobi,Data,,0.12,2022-11-09,Private Equity,Kenya,78.00,762
Faze Medicines,Boston,Healthcare,,1.00,2022-11-09,Series B,United States,81.00,764
RingCentral,SF Bay Area,Other,,0.10,2022-11-09,Post-IPO,United States,44.00,765
Astra,SF Bay Area,Aerospace,,0.16,2022-11-08,Post-IPO,United States,300.00,769
NanoString,Seattle,Healthcare,,0.10,2022-11-08,Post-IPO,United States,731.00,771
Code42,Minneapolis,Security,,0.15,2022-11-07,Unknown,United States,137.00,777
Domino Data Lab,SF Bay Area,Data,,0.25,2022-11-07,Series F,United States,223.00,778
Benitago Group,New York City,Retail,,0.14,2022-11-04,Series A,United States,380.00,787
Mythical Games,Los Angeles,Crypto,,0.10,2022-11-04,Series C,United States,260.00,788
Affirm,SF Bay Area,Finance,,0.01,2022-11-03,Post-IPO,United States,1500.00,795
LiveRamp,SF Bay Area,Marketing,,0.10,2022-11-03,Post-IPO,United States,16.00,797
Rubius,Boston,Healthcare,,0.82,2022-11-03,Post-IPO,United States,445.00,799
Snapdocs,SF Bay Area,Real Estate,,0.15,2022-11-03,Series D,United States,253.00,800
BitMEX,Non-U.S.,Crypto,,0.30,2022-11-02,Seed,Seychelles,0.00,810
Brightline,SF Bay Area,Healthcare,,0.20,2022-11-01,Series C,United States,212.00,823
Springlane,Düsseldorf,Food,,0.35,2022-10-28,Series C,Germany,11.00,833
Volta,SF Bay Area,Transportation,,0.54,2022-10-21,Post-IPO,United States,575.00,861
Roofstock,SF Bay Area,Real Estate,,0.20,2022-10-20,Series E,United States,365.00,867
Starry,Boston,Other,,0.50,2022-10-20,Post-IPO,United States,260.00,868
Nuri,Berlin,Crypto,,1.00,2022-10-17,Series B,Germany,42.00,880
Flux Systems,London,Finance,,1.00,2022-10-14,Unknown,United Kingdom,9.00,885
Nyriad,Austin,Infrastructure,,0.33,2022-10-10,Unknown,United States,58.00,908
Foresight Insurance,SF Bay Area,Finance,,0.40,2022-10-06,Series B,United States,58.00,918
TwinStrand,Seattle,Healthcare,,0.50,2022-10-05,Series B,United States,73.00,921
Xendit,Jakarta,Finance,,0.05,2022-10-04,Series D,Indonesia,534.00,925
Zoomo,Sydney,Transportation,,0.16,2022-10-04,Series B,Australia,105.00,926
ActiveCampaign,Chicago,Marketing,,0.15,2022-10-03,Series C,United States,360.00,927
Carsome,Kuala Lumpur,Transportation,,0.10,2022-09-30,Series E,Malaysia,607.00,931
Solarisbank,Berlin,Finance,,0.10,2022-09-29,Unknown,Germany,385.00,936
Volta,SF Bay Area,Transportation,,0.10,2022-09-28,Post-IPO,United States,575.00,940
Pesto,SF Bay Area,Other,,1.00,2022-09-23,Seed,United States,6.00,948
Made.com,London,Retail,,0.35,2022-09-22,Series D,United Kingdom,136.00,951
Ouster,SF Bay Area,Transportation,,0.10,2022-09-20,Post-IPO,United States,282.00,958
Zappos,Las Vegas,Retail,,0.04,2022-09-20,Acquired,United States,62.00,959
VideoAmp,Los Angeles,Marketing,,0.02,2022-09-19,Series F,United States,456.00,962
NextRoll,SF Bay Area,Marketing,,0.07,2022-09-15,Unknown,United States,108.00,970
Bitrise,Budapest,Infrastructure,,0.14,2022-09-14,Series C,Hungary,83.00,975
FullStory,Atlanta,Marketing,,0.12,2022-09-13,Unknown,United States,197.00,980
Propzy,Ho Chi Minh City,Real Estate,,1.00,2022-09-13,Series A,Vietnam,33.00,981
Karbon,SF Bay Area,Other,,0.23,2022-09-12,Series B,United States,91.00,985
Rent the Runway,New York City,Retail,,0.24,2022-09-12,Post-IPO,United States,526.00,986
Amber Group,Hong Kong,Crypto,,0.10,2022-09-09,Series B,Hong Kong,328.00,991
CommonBond,New York City,Finance,,1.00,2022-09-09,Series D,United States,125.00,993
Flowhub,Denver,Retail,,0.15,2022-09-09,Unknown,United States,45.00,995
Lido Learning,Mumbai,Education,,1.00,2022-09-09,Series C,India,20.00,996
BigBear.ai,Baltimore,Data,,0.07,2022-09-08,Post-IPO,United States,200.00,1000
Medly,New York City,Healthcare,,0.50,2022-09-07,Series C,United States,100.00,1010
Juniper Square,SF Bay Area,Real Estate,,0.14,2022-09-06,Series C,United States,108.00,1014
Medium,SF Bay Area,Media,,0.25,2022-09-06,Unknown,United States,163.00,1015
The Wing,New York City,Real Estate,,1.00,2022-08-31,Series C,United States,117.00,1034
Impact.com,Los Angeles,Marketing,,0.10,2022-08-25,Private Equity,United States,361.00,1050
ShipBob,Chicago,Logistics,,0.07,2022-08-25,Series E,United States,330.00,1051
DataRobot,Boston,Data,,0.26,2022-08-23,Series G,United States,1000.00,1060
Mr. Yum,Melbourne,Food,,0.17,2022-08-22,Series A,United States,73.00,1063
ShopX,Bengaluru,Retail,,1.00,2022-08-22,Unknown,India,56.00,1064
Thirty Madison,New York City,Healthcare,,0.10,2022-08-18,Series C,United States,209.00,1074
Vendasta,Saskatoon,Marketing,,0.05,2022-08-18,Series D,Canada,178.00,1075
Edmodo,SF Bay Area,Education,,1.00,2022-08-16,Acquired,United States,77.00,1086
Snapdocs,SF Bay Area,Real Estate,,0.10,2022-08-16,Series D,United States,253.00,1087
ThredUp,Chicago,Retail,,0.15,2022-08-15,Post-IPO,United States,305.00,1092
Core Scientific,Austin,Crypto,,0.10,2022-08-12,Post-IPO,United States,169.00,1096
Guidewire,SF Bay Area,Finance,,0.02,2022-08-11,Post-IPO,United States,24.00,1104
Homeward,Austin,Real Estate,,0.20,2022-08-10,Series B,United States,160.00,1107
Pollen,London,Marketing,,1.00,2022-08-10,Series C,United Kingdom,238.00,1108
Vedanta Biosciences,Boston,Healthcare,,0.20,2022-08-10,Series D,United States,301.00,1109
Berkeley Lights,SF Bay Area,Healthcare,,0.12,2022-08-09,Post-IPO,United States,272.00,1121
DailyPay,New York City,Finance,,0.15,2022-08-09,Unknown,United States,814.00,1122
Haus,SF Bay Area,Food,,1.00,2022-08-09,Seed,United States,7.00,1123
Kaltura,New York City,Media,,0.10,2022-08-09,Post-IPO,United States,166.00,1124
Daily Harvest,New York City,Food,,0.15,2022-08-08,Series D,United States,120.00,1133
Medly,New York City,Healthcare,,0.16,2022-08-04,Series C,United States,100.00,1149
Nomad,Sao Paulo,Finance,,0.20,2022-08-04,Series B,Brazil,290.00,1150
Zenius,Jakarta,Education,,0.30,2022-08-04,Series B,Indonesia,20.00,1153
Puppet,Portland,Infrastructure,,0.15,2022-08-03,Acquired,United States,189.00,1159
SoundCloud,Berlin,Consumer,,0.20,2022-08-03,Unknown,Germany,542.00,1160
Talkwalker,Luxembourg,Marketing,,0.15,2022-08-03,Private Equity,Luxembourg,9.00,1161
Butterfly Network,New Haven,Healthcare,,0.10,2022-08-02,Post-IPO,United States,530.00,1173
Perceptive Automata,Boston,Transportation,,1.00,2022-08-01,Series A,United States,20.00,1180
2U,Washington D.C.,Education,,0.20,2022-07-28,Post-IPO,United States,426.00,1200
Change.org,SF Bay Area,Other,,0.19,2022-07-28,Series D,United States,72.00,1203
Turntide,SF Bay Area,Energy,,0.20,2022-07-28,Unknown,United States,491.00,1205
 Included Health,SF Bay Area,Healthcare,,0.06,2022-07-25,Series E,United States,272.00,1219
Boosted Commerce,Los Angeles,Retail,,0.05,2022-07-22,Series B,United States,137.00,1226
98point6,Seattle,Healthcare,,0.10,2022-07-21,Series E,United States,247.00,1237
InVision,New York City,Product,,0.50,2022-07-21,Series F,United States,356.00,1239
Capsule,New York City,Healthcare,,0.13,2022-07-19,Series D,United States,570.00,1257
Freshly,New York City,Food,,0.25,2022-07-18,Acquired,United States,107.00,1262
Hydrow,Boston,Fitness,,0.35,2022-07-18,Series D,United States,269.00,1263
Vimeo,New York City,Consumer,,0.06,2022-07-18,Post-IPO,United States,450.00,1265
StyleSeat,SF Bay Area,Consumer,,0.17,2022-07-15,Series C,United States,40.00,1270
OpenSea,New York City,Crypto,,0.20,2022-07-14,Series C,United States,427.00,1277
Arrival,London,Transportation,,0.30,2022-07-13,Post-IPO,United Kingdom,629.00,1286
Papa,Miami,Other,,0.15,2022-07-13,Series D,United States,241.00,1288
Airlift,Lahore,Logistics,,1.00,2022-07-12,Series B,Pakistan,109.00,1293
Forward,SF Bay Area,Healthcare,,0.05,2022-07-11,Series D,United States,225.00,1300
Ignite,SF Bay Area,Crypto,,0.50,2022-07-11,Series A,United States,9.00,1301
NextRoll,SF Bay Area,Marketing,,0.03,2022-07-08,Unknown,United States,108.00,1306
Cedar,New York City,Healthcare,,0.24,2022-07-07,Series D,United States,351.00,1311
Zepto,Brisbane,Finance,,0.10,2022-07-02,Series A,Australia,25.00,1336
Gavelytics,Los Angeles,Legal,,1.00,2022-06-30,Seed,United States,5.00,1350
Sundae,SF Bay Area,Real Estate,,0.15,2022-06-30,Series C,United States,135.00,1352
Degreed,SF Bay Area,Education,,0.15,2022-06-29,Series D,United States,411.00,1365
HomeLight,SF Bay Area,Real Estate,,0.19,2022-06-29,Series D,United States,743.00,1366
Volt Bank,Sydney,Finance,,1.00,2022-06-29,Series E,Australia,90.00,1368
Nova Benefits,Bengaluru,Healthcare,,0.30,2022-06-28,Series B,India,41.00,1378
Una Brands,Singapore,Retail,,0.10,2022-06-28,Series A,Singapore,55.00,1379
Amount,Chicago,Finance,,0.18,2022-06-27,Unknown,United States,283.00,1386
Esper,Seattle,Other,,0.12,2022-06-23,Series A,United States,10.00,1399
Kune,Nairobi,Food,,1.00,2022-06-23,Seed,Kenya,1.00,1400
Orchard,New York City,Real Estate,,0.10,2022-06-23,Series D,United States,472.00,1402
Ro,New York City,Healthcare,,0.18,2022-06-23,Unknown,United States,1000.00,1403
StreamElements,Tel Aviv,Media,,0.20,2022-06-23,Series B,Israel,111.00,1404
Voly,Sydney,Food,,0.50,2022-06-22,Seed,Australia,13.00,1415
Frubana,Bogota,Food,,0.03,2022-06-21,Series C,Colombia,202.00,1420
SuperLearn,Bengaluru,Education,,1.00,2022-06-21,Seed,India,0.00,1421
Tray.io,SF Bay Area,Data,,0.10,2022-06-21,Series C,United States,109.00,1422
Buzzer,New York City,Media,,0.20,2022-06-20,Unknown,United States,32.00,1429
Circulo Health,Columbus,Healthcare,,0.50,2022-06-16,Series A,United States,50.00,1440
JetClosing,Seattle,Real Estate,,1.00,2022-06-15,Series B,United States,44.00,1451
Desktop Metal,Boston,Other,,0.12,2022-06-13,Post-IPO,United States,811.00,1465
Ziroom,Beijing,Real Estate,,0.20,2022-06-10,Unknown,China,2100.00,1474
Jellysmack,New York City,Media,,0.08,2022-06-09,Series C,United States,22.00,1484
Starship,SF Bay Area,Transportation,,0.11,2022-06-09,Series B,United States,197.00,1485
Memmo,Stockholm,Consumer,,0.40,2022-06-08,Unknown,Sweden,24.00,1491
Propzy,Ho Chi Minh City,Real Estate,,0.50,2022-06-07,Series A,Vietnam,33.00,1501
Deep Instinct,New York City,Security,,0.10,2022-06-06,Series D,United States,259.00,1505
Sendoso,SF Bay Area,Marketing,,0.14,2022-06-06,Series C,United States,152.00,1506
5B Solar,Sydney,Energy,,0.25,2022-06-03,Series A,Australia,12.00,1511
Tesla,Austin,Transportation,,0.10,2022-06-03,Post-IPO,United States,20200.00,1513
Kaodim,Selangor,Consumer,,1.00,2022-06-02,Series B,United States,17.00,1525
Side,SF Bay Area,Real Estate,,0.10,2022-06-01,Unknown,United States,313.00,1536
Truck It In,Karachi,Logistics,,0.30,2022-06-01,Seed,Pakistan,17.00,1537
Airlift,Lahore,Logistics,,0.31,2022-05-25,Series B,Pakistan,109.00,1564
Getir,Istanbul,Food,,0.14,2022-05-25,Series E,Turkey,1800.00,1565
Bizpay,Sydney,Finance,,0.30,2022-05-04,Unknown,Australia,45.00,1613
Automox,Boulder,Infrastructure,,0.11,2022-04-18,Series C,United States,152.00,1631
Halcyon Health,New York City,Healthcare,,1.00,2022-04-15,Unknown,United States,2.00,1633
Fast,SF Bay Area,Finance,,1.00,2022-04-05,Series B,United States,124.00,1642
Grove Collaborative,SF Bay Area,Retail,,0.17,2022-03-19,Series E,United States,474.00,1651
Talis Biomedical,SF Bay Area,Healthcare,,0.25,2022-03-15,Post-IPO,United States,8.00,1656
Sezzle,Minneapolis,Finance,,0.20,2022-03-10,Post-IPO,United States,301.00,1657
Spin,SF Bay Area,Transportation,,0.25,2022-01-08,Acquired,United States,8.00,1678
Ozy Media,SF Bay Area,Media,,1.00,2021-10-01,Series C,United States,70.00,1685
Madefire,SF Bay Area,Media,,1.00,2021-04-29,Series B,United States,16.00,1698
Aura Financial,SF Bay Area,Finance,,1.00,2021-01-11,Unknown,United States,584.00,1720
Simple,Portland,Finance,,1.00,2021-01-07,Acquired,United States,15.00,1721
Domio,New York City,Real Estate,,0.50,2020-11-18,Series B,United States,116.00,1729
Rubica,Seattle,Security,,1.00,2020-11-05,Series A,United States,14.00,1735
Bossa Nova,SF Bay Area,Retail,,0.50,2020-11-02,Unknown,United States,101.60,1736
Quibi,Los Angeles,Media,,1.00,2020-10-21,Private Equity,United States,1800.00,1742
Air,New York City,Marketing,,0.16,2020-09-16,Series A,United States,18.00,1751
HubHaus,SF Bay Area,Real Estate,,1.00,2020-09-11,Series A,United States,13.40,1754
Ouster,SF Bay Area,Transportation,,0.10,2020-09-08,Series B,United States,132.00,1756
Awok,Dubai,Retail,,1.00,2020-09-02,Series A,United Arab Emirates,30.00,1759
Lumina Networks,SF Bay Area,Infrastructure,,1.00,2020-08-18,Series A,United States,10.00,1770
Sorabel,Jakarta,Retail,,1.00,2020-07-23,Series B,Indonesia,27.00,1790
Engine eCommerce,Fayetteville,Retail,,1.00,2020-06-28,Unknown,United States,4.00,1815
Conga,Denver,Data,,0.11,2020-06-15,Acquired,United States,117.00,1832
Stockwell AI,SF Bay Area,Retail,,1.00,2020-06-15,Series B,United States,10.00,1833
Datera,SF Bay Area,Infrastructure,,0.10,2020-05-18,Series C,United States,63.00,1892
Masse,New York City,Retail,,1.00,2020-05-15,Seed,United States,3.00,1897
WeFit,Hanoi,Fitness,,1.00,2020-05-13,Seed,Vietnam,1.00,1911
Zymergen ,SF Bay Area,Other,,0.10,2020-05-13,Series C,United States,574.00,1912
OPay,Lagos,Finance,,0.70,2020-05-06,Series B,Nigeria,170.00,1935
Castlight Health,SF Bay Area,Healthcare,,0.13,2020-05-04,Post-IPO,United States,184.00,1953
Automatic,SF Bay Area,Transportation,,1.00,2020-05-01,Acquired,United States,24.00,1964
Fandom,SF Bay Area,Media,,0.14,2020-04-30,Series E,United States,145.00,1970
PicoBrew,Seattle,Food,,1.00,2020-04-30,Series A,United States,15.00,1971
Migo,SF Bay Area,Finance,,0.25,2020-04-28,Series B,United States,37.00,1987
Qwick,Phoenix,Recruiting,,0.70,2020-04-27,Seed,United States,4.00,1990
Convoy,Seattle,Logistics,,0.01,2020-04-23,Series D,United States,665.00,2009
Nearmap,Sydney,Construction,,0.10,2020-04-22,Post-IPO,Australia,15.00,2018
Hipcamp,SF Bay Area,Travel,,0.60,2020-04-20,Series B,United States,40.50,2038
Motif Investing,SF Bay Area,Finance,,1.00,2020-04-18,Series E,United States,126.00,2039
BitGo,SF Bay Area,Crypto,,0.12,2020-04-17,Series B,United States,69.00,2050
Dispatch,Boston,Other,,0.38,2020-04-17,Series A,United States,18.00,2051
Purse,SF Bay Area,Crypto,,1.00,2020-04-16,Seed,United States,1.00,2061
Dude Solutions,Raleigh,Other,,0.20,2020-04-15,Acquired,United States,100.00,2073
SweetEscape,Jakarta,Consumer,,0.30,2020-04-15,Series A,Indonesia,7.00,2074
Elliptic,London,Crypto,,0.30,2020-04-09,Series B,United Kingdom,40.00,2111
Creditas,Sao Paulo,Finance,,0.06,2020-04-08,Series D,Brazil,314.00,2128
RedDoorz,Singapore,Travel,,0.10,2020-04-08,Series C,Singapore,134.00,2130
Zola,New York City,Retail,,0.20,2020-04-08,Series D,United States,140.00,2133
The Wing,New York City,Real Estate,,0.50,2020-04-03,Series C,United States,117.00,2187
Le Tote,SF Bay Area,Retail,,0.50,2020-04-01,Series C,United States,62.00,2232
Pebblepost,New York City,Marketing,,0.60,2020-04-01,Series C,United States,81.00,2234
WhyHotel,Washington D.C.,Travel,,0.50,2020-04-01,Series B,United States,33.00,2235
Domio,New York City,Travel,,0.30,2020-03-31,Series B,United States,116.00,2248
Kazoo,Austin,HR,,0.35,2020-03-31,Series A,United States,8.00,2249
Nativo,Los Angeles,Marketing,,0.40,2020-03-26,Series B,United States,35.00,2302
Clutter,Los Angeles,Consumer,,0.30,2020-03-25,Series D,United States,296.00,2314
Divvy Homes,SF Bay Area,Real Estate,,0.08,2020-03-25,Series B,United States,180.00,2315
Peerfit,Tampa Bay,HR,,0.40,2020-03-24,Unknown,United States,47.00,2323
Cabin,SF Bay Area,Travel,,0.20,2020-03-23,Seed,United States,3.00,2333
Eight Sleep,New York City,Retail,,0.20,2020-03-23,Series C,United States,70.00,2334
Service,Los Angeles,Travel,,1.00,2020-03-20,Seed,United States,5.00,2340
Popin,New York City,Fitness,,1.00,2020-03-19,Unknown,United States,13.00,2347
Service,Los Angeles,Travel,,1.00,2020-03-16,Seed,United States,5.10,2352
UpGrad,Mumbai,Education,120,,2023-03-06,Unknown,India,631.00,4
Lendi,Sydney,Real Estate,100,,2023-03-03,Unknown,Australia,59.00,7
UserTesting,SF Bay Area,Marketing,63,,2023-03-03,Acquired,United States,152.00,8
MasterClass,SF Bay Area,Education,79,,2023-03-02,Series E,United States,461.00,13
Color Health,SF Bay Area,Healthcare,300,,2023-03-01,Series E,United States,482.00,22
Yellow.ai,SF Bay Area,Support,200,,2023-03-01,Series C,United States,102.00,25
Electronic Arts,Baton Rouge,Consumer,200,,2023-02-28,Post-IPO,United States,2.00,28
Airbnb,SF Bay Area,Travel,30,,2023-03-03,Post-IPO,United States,6400.00,9
Sono Motors,Munich,Transportation,300,,2023-02-27,Post-IPO,Germany,126.00,32
BitSight,Tel Aviv,Security,40,,2023-02-26,Unknown,Israel,401.00,38
SAP Labs,Bengaluru,Other,300,,2023-02-24,Subsidiary,India,1300.00,41
Velodyne Lidar,SF Bay Area,Transportation,220,,2023-02-24,Acquired,United States,575.00,42
Medallia,SF Bay Area,Support,59,,2023-02-24,Acquired,United States,325.00,43
Eat Just,SF Bay Area,Food,40,,2023-02-24,Unknown,United States,465.00,44
Lucira Health,SF Bay Area,Healthcare,26,,2023-02-24,Post-IPO,United States,132.00,45
Stax,Orlando,Finance,24,,2023-02-24,Series D,United States,263.00,46
EVgo,Los Angeles,Transportation,40,,2023-02-23,Post-IPO,United States,400.00,51
StrongDM,SF Bay Area,Infrastructure,40,,2023-02-23,Series B,United States,76.00,52
TaskUs,San Antonio,Support,186,,2023-02-22,Post-IPO,United States,279.00,57
Crunchyroll,Tokyo,Media,85,,2023-02-21,Unknown,Japan,26.00,63
Ethos Life,SF Bay Area,Finance,50,,2023-02-21,Series D,United States,406.00,64
HP,Tel Aviv,Hardware,100,,2023-02-19,Post-IPO,Israel,4200.00,74
Tencent,Shenzen,Consumer,300,,2023-02-17,Post-IPO,China,12600.00,75
Evernote,SF Bay Area,Consumer,129,,2023-02-17,Acquired,United States,290.00,76
Jellysmack,Paris,Media,208,,2023-02-15,Series C,France,22.00,88
Betterment,New York City,Finance,28,,2023-02-15,Series F,United States,435.00,91
PetLove,Sao Paulo,Retail,94,,2023-02-13,Series C,Brazil,225.00,106
Collective Health,SF Bay Area,Healthcare,54,,2023-02-13,Series F,United States,719.00,108
Magic Eden,SF Bay Area,Crypto,22,,2023-02-13,Series B,United States,170.00,109
TikTok India,Mumbai,Consumer,40,,2023-02-10,Acquired,India,9400.00,116
Catch.com.au,Melbourne,Retail,100,,2023-02-06,Acquired,Australia,80.00,151
Drift,Boston,Marketing,59,,2023-02-06,Acquired,United States,107.00,153
Clari,SF Bay Area,Sales,20,,2023-02-06,Series F,United States,496.00,155
Kyruus,Boston,Healthcare,70,,2023-02-05,Unknown,United States,183.00,159
FarEye,New Delhi,Logistics,90,,2023-02-03,Series E,India,150.00,161
Byju's,Bengaluru,Education,1500,,2023-02-02,Private Equity,India,5500.00,164
Mindstrong,SF Bay Area,Healthcare,127,,2023-02-02,Series C,United States,160.00,167
Getir,New York City,Food,100,,2023-02-02,Series E,United States,1800.00,170
Snowplow,London,Data,40,,2023-02-02,Series B,United States,55.00,173
Articulate,New York City,Education,38,,2023-02-02,Series A,United States,1500.00,174
Pinterest,SF Bay Area,Consumer,150,,2023-02-01,Post-IPO,United States,1500.00,180
Cyren,Washington D.C.,Security,121,,2023-02-01,Post-IPO,United States,161.00,182
Wefox,Berlin,Finance,100,,2023-01-31,Series D,Germany,1300.00,205
Gokada,Lagos,Transportation,54,,2023-01-31,Unknown,Nigeria,12.00,207
Groupon,Chicago,Retail,500,,2023-01-30,Post-IPO,United States,1400.00,214
Intel,SF Bay Area,Hardware,343,,2023-01-30,Post-IPO,United States,12.00,215
CoinTracker,SF Bay Area,Crypto,19,,2023-01-28,Series A,United States,101.00,228
Shutterfly,SF Bay Area,Retail,360,,2023-01-25,Acquired,United States,50.00,248
OFFOR Health,Columbus,Healthcare,16,,2023-01-24,Series A,United States,14.00,264
Inmobi,Bengaluru,Marketing,50,,2023-01-23,Unknown,India,320.00,273
Booktopia,Sydney,Retail,30,,2023-01-23,Series A,Australia,23.00,275
MediBuddy,Bengaluru,Healthcare,200,,2023-01-20,Acquired,India,192.00,285
Karat,Seattle,HR,47,,2023-01-20,Unknown,United States,169.00,288
Edifecs,Seattle,Healthcare,30,,2023-01-20,Unknown,United States,1.00,290
Proterra,SF Bay Area,Transportation,300,,2023-01-19,Post-IPO,United States,1200.00,298
WeWork ,New York City,Real Estate,300,,2023-01-19,Post-IPO,United States,22200.00,299
Riot Games,Los Angeles,Consumer,46,,2023-01-19,Acquired,United States,21.00,303
Hydrow,Boston,Fitness,30,,2023-01-19,Series D,United States,269.00,304
Clutch,Toronto,Transportation,150,,2023-01-17,Unknown,Canada,253.00,342
Tul,Bogota,Construction,100,,2023-01-17,Series B,Colombia,218.00,345
Luxury Presence,Los Angeles,Real Estate,44,,2023-01-17,Series B,United States,31.00,347
RingCentral,SF Bay Area,Other,30,,2023-01-17,Post-IPO,United States,44.00,348
Gramophone,Indore,Food,75,,2023-01-16,Series B,India,17.00,358
Captain Fresh ,Bengaluru,Food,120,,2023-01-15,Series C,India,126.00,363
Ola,Bengaluru,Transportation,200,,2023-01-13,Series J,India,5000.00,368
Vial,SF Bay Area,Healthcare,40,,2023-01-13,Series B,United States,101.00,370
Skit.ai,Bengaluru,Support,115,,2023-01-12,Series B,India,28.00,378
Cashfree Payments,Bengaluru,Finance,100,,2023-01-12,Series B,India,41.00,382
Mapbox,Washington D.C.,Data,64,,2023-01-12,Unknown,United States,334.00,383
Career Karma,SF Bay Area,Education,22,,2023-01-12,Series B,United States,51.00,386
CoinDCX,Mumbai,Crypto,80,,2023-01-11,Series D,India,244.00,396
HashiCorp,SF Bay Area,Security,69,,2023-01-11,Post-IPO,United States,349.00,397
Embark,Boston,Healthcare,41,,2023-01-11,Series B,United States,94.00,398
Citizen,New York City,Consumer,33,,2023-01-11,Series C,United States,133.00,400
Till Payments,Sydney,Finance,120,,2023-01-10,Series C,Australia,95.00,408
LEAD,Mumbai,Education,60,,2023-01-10,Series E,India,190.00,412
Carbon Health,SF Bay Area,Healthcare,200,,2023-01-06,Series D,United States,522.00,430
Cue,San Diego,Healthcare,388,,2023-01-05,Post-IPO,United States,999.00,438
Twitter,SF Bay Area,Consumer,40,,2023-01-05,Post-IPO,United States,12900.00,443
Zoopla,London,Real Estate,50,,2022-12-23,Series C,United Kingdom,25.00,473
GoStudent,Vienna,Education,100,,2022-12-14,Series D,Austria,686.00,499
Quanergy Systems,SF Bay Area,Transportation,72,,2022-12-14,Post-IPO,United States,175.00,500
Freshly,Phoenix,Food,329,,2022-12-12,Acquired,United States,107.00,510
Balto,St. Louis,Sales,35,,2022-12-12,Series B,United States,51.00,511
Chrono24,Karlsruhe,Retail,80,,2022-12-08,Series C,Germany,205.00,533
Inscripta,Boulder,Healthcare,43,,2022-12-08,Series E,United States,459.00,536
Vedantu,Bengaluru,Education,385,,2022-12-07,Series E,India,292.00,545
Recur Forever,Miami,Crypto,235,,2022-12-07,Series A,United States,55.00,549
Intel,SF Bay Area,Hardware,201,,2022-12-06,Post-IPO,United States,12.00,561
Adobe,SF Bay Area,Marketing,100,,2022-12-06,Post-IPO,United States,2.00,564
OYO,Gurugram,Travel,600,,2022-12-03,Series F,India,4000.00,581
HealthifyMe,Bengaluru,Fitness,150,,2022-12-03,Series C,India,100.00,582
ShareChat,Bengaluru,Consumer,100,,2022-12-02,Unknown,India,1700.00,585
StudySmarter,Berlin,Education,70,,2022-11-30,Series A,Germany,64.00,604
Bitso,Mexico City,Crypto,100,,2022-11-29,Series C,Mexico,378.00,615
Western Digital,SF Bay Area,Hardware,251,,2022-11-22,Post-IPO,United States,900.00,649
Splyt,London,Transportation,57,,2022-11-18,Series B,United Kingdom,34.00,663
Orchard,New York City,Real Estate,180,,2022-11-17,Series D,United States,472.00,671
Chili Piper,New York City,Sales,58,,2022-11-17,Series B,United States,54.00,674
Properly,Toronto,Real Estate,71,,2022-11-15,Series B,Canada,154.00,702
The Zebra,Austin,Finance,50,,2022-11-15,Series D,United States,256.00,705
Sema4,Stamford,Healthcare,500,,2022-11-14,Post-IPO,United States,791.00,718
Science 37 ,Los Angeles,Healthcare,90,,2022-11-14,Post-IPO,United States,347.00,723
Cardlytics,Atlanta,Marketing,51,,2022-11-14,Post-IPO,United States,212.00,725
Nestcoin,Lagos,Crypto,30,,2022-11-14,Seed,Nigeria,6.00,727
Gokada,Lagos,Transportation,20,,2022-11-14,Unknown,Nigeria,12.00,728
Coinbase,SF Bay Area,Crypto,60,,2022-11-10,Post-IPO,United States,549.00,740
Wistia,Boston,Marketing,40,,2022-11-10,Unknown,United States,18.00,742
Cameo,Chicago,Consumer,80,,2022-11-09,Unknown,United States,165.00,756
HighRadius,Bengaluru,Finance,25,,2022-11-09,Series C,India,475.00,759
EverBridge,Boston,Other,200,,2022-11-08,Post-IPO,United States,476.00,767
Brainly,Krakow,Education,25,,2022-11-06,Series D,Poland,148.00,780
Udaan,Bengaluru,Retail,350,,2022-11-04,Unknown,India,1500.00,783
Delivery Hero,Berlin,Food,100,,2022-11-03,Post-IPO,Germany,8300.00,793
Argo AI,SF Bay Area,Transportation,259,,2022-11-01,Unknown,United States,3600.00,812
Drop,Toronto,Marketing,24,,2022-11-01,Series B,Canada,56.00,821
Notarize,Boston,Legal,60,,2022-10-31,Series D,United States,213.00,826
Dukaan,Bengaluru,Retail,23,,2022-10-31,Series A,India,17.00,829
Amazon,Seattle,Retail,150,,2022-10-28,Post-IPO,United States,108.00,830
Lattice,SF Bay Area,HR,13,,2022-10-27,Series F,United States,328.00,836
Argo AI,Pittsburgh,Transportation,173,,2022-10-26,Unknown,United States,3600.00,842
McMakler,Berlin,Real Estate,100,,2022-10-24,Unknown,Germany,214.00,853
Sales Boomerang,Baltimore,Sales,20,,2022-10-20,Private Equity,United States,5.00,865
Gopuff,Philadelphia,Food,250,,2022-10-19,Series H,United States,3400.00,869
Ada Health,Berlin,Healthcare,50,,2022-10-17,Series B,Germany,189.00,877
Salesforce,SF Bay Area,Sales,90,,2022-10-13,Post-IPO,United States,65.00,887
Sinch,Stockholm,Other,150,,2022-10-12,Post-IPO,Sweden,1500.00,892
MX,Lehi,Finance,200,,2022-10-11,Series C,United States,450.00,895
Sketch,The Hague,Other,80,,2022-10-11,Series A,Netherlands,20.00,898
HelloFresh,SF Bay Area,Food,611,,2022-10-10,Post-IPO,United States,367.00,904
Rev.com,Austin,Data,85,,2022-10-07,Series D,United States,30.00,910
Landing,Birmingham,Real Estate,110,,2022-10-06,Series C,United States.,347.00,913
Westwing,Munich,Retail,125,,2022-09-29,Post-IPO,Germany,237.00,934
Konfio,Mexico City,Finance,180,,2022-09-23,Series E,United States,706.00,944
Klarna,Stockholm,Finance,100,,2022-09-22,Unknown,Sweden,3700.00,950
Compass,New York City,Real Estate,271,,2022-09-20,Post-IPO,United States,1600.00,954
Curative,Los Angeles,Healthcare,109,,2022-09-20,Seed,United States,8.00,955
Ola,Bengaluru,Transportation,200,,2022-09-19,Series J,India,5000.00,960
Netflix,SF Bay Area,Media,30,,2022-09-14,Post-IPO,United States,121900.00,974
Quicko,Sao Paulo,Transportation,60,,2022-09-12,Acquired,Brazil,28.00,982
Mode Analytics,SF Bay Area,Data,25,,2022-09-12,Series D,United States,81.00,983
SkipTheDishes,Winnipeg,Food,350,,2022-09-09,Acquired,Canada,6.00,988
Brighte,Sydney,Energy,58,,2022-09-09,Series C,Australia,145.00,989
Patreon,SF Bay Area,Media,5,,2022-09-09,Series F,United States,413.00,990
GoStudent,Vienna,Education,200,,2022-09-08,Series D,Austria,686.00,997
Genome Medical,SF Bay Area,Healthcare,23,,2022-09-08,Series C,United States,120.00,999
Foodpanda,Singapore,Food,60,,2022-09-07,Acquired,Singapore,749.00,1003
Uber,Vilnius,Transportation,60,,2022-09-07,Post-IPO,Lithuania,24700.00,1004
Rupeek,Bengaluru,Finance,50,,2022-09-07,Unknown,India,172.00,1005
Shopify,Ottawa,Retail,70,,2022-09-01,Post-IPO,Canada,122.00,1021
Hedvig,Stockholm,Finance,12,,2022-09-01,Series B,Sweden,67.00,1023
Clari,SF Bay Area,Sales,45,,2022-08-31,Series F,United States,496.00,1028
Koo,Bengaluru,Consumer,40,,2022-08-31,Series B,India,44.00,1029
Electric,New York City,Other,81,,2022-08-30,Series D,United States,212.00,1036
Nate,New York City,Retail,30,,2022-08-30,Series A,United States,47.00,1038
Meesho,Bengaluru,Retail,300,,2022-08-29,Series F,India,1100.00,1039
Zymergen,SF Bay Area,Other,80,,2022-08-26,Acquired,United States,974.00,1044
Okta,SF Bay Area,Security,24,,2022-08-26,Post-IPO,United States,1200.00,1045
FreshDirect,Philadelphia,Food,40,,2022-08-25,Acquired,United States,280.00,1048
Stripe,SF Bay Area,Finance,50,,2022-08-19,Series H,United States,2300.00,1069
Tempo Automation,SF Bay Area,Other,54,,2022-08-17,Series C,United States,74.00,1079
Warren,Porto Alegre,Finance,50,,2022-08-17,Series C,Brazil,104.00,1081
Anywell,Tel Aviv,Real Estate,11,,2022-08-14,Series A,Israel,15.00,1093
Betterfly,Santiago,Healthcare,30,,2022-08-11,Series C,Chile,204.00,1102
Expert360,Sydney,Recruiting,7,,2022-08-11,Series C,Australia,26.00,1103
Wix,Tel Aviv,Marketing,100,,2022-08-09,Post-IPO,Israel,58.00,1114
Melio,New York City,Finance,60,,2022-08-09,Series D,United States,504.00,1116
Absci,Vancouver,Healthcare,40,,2022-08-09,Post-IPO,United States,237.00,1119
Dooly,Vancouver,Sales,12,,2022-08-09,Series B,Canada,102.00,1120
Vroom,New York City,Transportation,337,,2022-08-08,Post-IPO,United States,1300.00,1129
Warby Parker,New York City,Consumer,63,,2022-08-08,Post-IPO,United States,535.00,1130
Labelbox,SF Bay Area,Data,36,,2022-08-08,Series D,United States,188.00,1131
Zendesk,SF Bay Area,Support,80,,2022-08-04,Acquired,United States,85.00,1145
RingCentral,SF Bay Area,Support,50,,2022-08-04,Post-IPO,United States,44.00,1148
Healthcare.com,Miami,Healthcare,149,,2022-08-03,Series C,United States,244.00,1154
Beyond Meat,Los Angeles,Food,40,,2022-08-03,Post-IPO,United States,122.00,1156
The Org,New Delhi,HR,13,,2022-08-03,Series B,United States,39.00,1157
Vedantu,Bengaluru,Education,100,,2022-08-02,Series E,India,292.00,1164
Seegrid,Pittsburgh,Logistics,90,,2022-08-02,Unknown,United States,107.00,1165
The Predictive Index,Boston,HR,40,,2022-08-02,Acquired,United States,71.00,1169
Ola,Bengaluru,Transportation,1000,,2022-07-29,Series J,India,5000.00,1185
Imperfect Foods,SF Bay Area,Food,50,,2022-07-29,Series D,United States,229.00,1187
Shelf Engine,Seattle,Food,43,,2022-07-29,Series B,United States,58.00,1188
Sherpa,Toronto,Travel,22,,2022-07-29,Unknown,Canada,11.00,1190
Ribbon,New York City,Real Estate,136,,2022-07-28,Series C,United States,405.00,1194
Laybuy,Auckland,Finance,45,,2022-07-28,Post-IPO,New Zealand,130.00,1197
Allbirds,SF Bay Area,Retail,23,,2022-07-28,Post-IPO,United States,202.00,1198
TextNow,Waterloo,Consumer,22,,2022-07-28,Seed,Canada,1.00,1199
McMakler,Berlin,Real Estate,90,,2022-07-26,Unknown,Germany,214.00,1211
Zymergen,SF Bay Area,Other,80,,2022-07-25,Acquired,United States,974.00,1217
Workstream,SF Bay Area,HR,45,,2022-07-22,Series B,United States,58.00,1222
Just Eat Takeaway,Amsterdam,Food,390,,2022-07-20,Post-IPO,Netherlands,2800.00,1242
Varo,SF Bay Area,Finance,75,,2022-07-20,Series E,United States,992.00,1244
BlueStacks,SF Bay Area,Other,60,,2022-07-20,Series C,United States,48.00,1245
Splice,New York City,Media,23,,2022-07-20,Series D,United States,159.00,1249
Arc,SF Bay Area,HR,13,,2022-07-20,Seed,United States,1.00,1251
Invitae,SF Bay Area,Healthcare,1000,,2022-07-19,Post-IPO,United States,2000.00,1252
M1,Chicago,Finance,38,,2022-07-19,Series E,United States,323.00,1254
SellerX,Berlin,Retail,28,,2022-07-19,Unknown,Germany,766.00,1255
PACT Pharma,SF Bay Area,Healthcare,94,,2022-07-18,Series C,United States,200.00,1258
Aspire,SF Bay Area,Marketing,23,,2022-07-15,Series A,United States,27.00,1269
100 Thieves,Los Angeles,Consumer,12,,2022-07-13,Series C,United States,120.00,1284
Nuro,SF Bay Area,Transportation,7,,2022-07-13,Series D,United States,2100.00,1285
Fraazo,Mumbai,Food,150,,2022-07-12,Series B,India,63.00,1290
Babylon,London,Healthcare,100,,2022-07-12,Post-IPO,United Kingdom,1100.00,1291
Alice,Sao Paulo,Healthcare,63,,2022-07-11,Series C,Brazil,174.00,1297
PuduTech,Shenzen,Other,1500,,2022-07-08,Series C,China,184.00,1303
Adwerx,Durham,Marketing,40,,2022-07-07,Unknown,United States,20.00,1309
Shopify,Ottawa,Retail,50,,2022-07-06,Post-IPO,Canada,122.00,1314
Chessable,London,Consumer,29,,2022-07-04,Acquired,United Kingdom,0.00,1328
Gorillas,Berlin,Food,540,,2022-07-03,Series C,Germany,1300.00,1332
Snyk,Boston,Security,30,,2022-06-30,Series F,United States,849.00,1346
Toppr,Mumbai,Education,350,,2022-06-29,Acquired,India,112.00,1353
AvantStay,Los Angeles,Travel,80,,2022-06-29,Unknown,United States,811.00,1356
Parallel Wireless,Nashua,Infrastructure,60,,2022-06-29,Unknown,United States,8.00,1359
WhiteHat Jr,Mumbai,Education,300,,2022-06-28,Acquired,India,11.00,1370
StockX,Detroit,Retail,80,,2022-06-28,Series E,United States,690.00,1373
Cue,San Diego,Healthcare,170,,2022-06-27,Post-IPO,United States,999.00,1383
Postscript,SF Bay Area,Marketing,43,,2022-06-26,Series C,United States,106.00,1387
Chipax,Santiago,Finance,,,2022-11-11,Seed,Chile,2.00,733
Bungalow,SF Bay Area,Real Estate,70,,2022-06-22,Series C,United States,171.00,1407
Sprinklr,New York City,Support,50,,2022-06-22,Post-IPO,United States,429.00,1409
Balto,St. Louis,Sales,30,,2022-06-22,Series B,United States,51.00,1412
Bytedance,Shanghai,Consumer,150,,2022-06-17,Unknown,China,9400.00,1434
PharmEasy,Mumbai,Healthcare,40,,2022-06-16,Unknown,India,1600.00,1439
Airtame,Copenhagen,Consumer,15,,2022-06-15,Unknown,Denmark,7.00,1447
Kavak,Sao Paulo,Transportation,150,,2022-06-08,Series E,Brazil,1600.00,1488
Lummo,Jakarta,Marketing,150,,2022-06-07,Series C,Indonesia,149.00,1495
ID.me,Washington D.C.,Security,130,,2022-06-07,Unknown,United States,275.00,1497
KiwiCo,SF Bay Area,Retail,40,,2022-06-07,Unknown,United States,11.00,1498
Clearco,Toronto,Finance,60,,2022-06-06,Series C,Canada,681.00,1502
Eruditus,Mumbai,Education,40,,2022-06-04,Series E,India,1200.00,1507
Favo,Sao Paulo,Food,170,,2022-06-02,Series A,Brazil,31.00,1515
Shef,SF Bay Area,Food,29,,2022-06-02,Series A,United States,28.00,1522
Skillshare,New York City,Education,31,,2022-06-01,Unknown,United States,136.00,1533
Eaze,SF Bay Area,Consumer,25,,2022-06-01,Series D,United States,202.00,1535
Replicated,Los Angeles,Infrastructure,50,,2022-05-31,Series C,United States,85.00,1539
Getta,Tel Aviv,Transportation,30,,2022-05-31,Series A,Israel,49.00,1541
Daloopa,New Delhi,Data,40,,2022-05-27,Series A,India,23.00,1549
Foodpanda,Bucharest,Food,80,,2022-05-26,Acquired,Romania,749.00,1556
PeerStreet,Los Angeles,Finance,75,,2022-05-25,Series C,United States,121.00,1560
Zenius,Jakarta,Education,200,,2022-05-24,Series B,Indonesia,20.00,1568
The Zebra,Austin,Finance,40,,2022-05-24,Series D,United States,256.00,1569
PayPal,SF Bay Area,Finance,83,,2022-05-23,Post-IPO,United States,216.00,1571
Thirty Madison,New York City,Healthcare,24,,2022-05-14,Acquired,United States,209.00,1589
CommonBond,New York City,Finance,22,,2022-05-13,Series D,United States,130.00,1590
Zwift,Los Angeles,Fitness,150,,2022-05-12,Series C,United States,619.00,1592
Section4,New York City,Education,32,,2022-05-12,Series A,United States,37.00,1593
divvyDOSE,Davenport,Healthcare,62,,2022-05-06,Acquired,United States,0.00,1603
Colossus,Boston,Energy,97,,2022-05-04,Series A,United States,41.00,1608
Ideoclick,Seattle,Retail,40,,2022-05-04,Series A,United States,7.00,1611
Vise,New York City,Finance,25,,2022-05-04,Series C,United States,128.00,1612
Noom,New York City,Healthcare,495,,2022-04-29,Series F,United States,657.00,1616
Netflix,SF Bay Area,Media,25,,2022-04-28,Post-IPO,United States,121900.00,1618
Sigfox,Toulouse,Other,64,,2022-04-25,Acquired,France,277.00,1622
Clyde,New York City,Marketing,22,,2022-04-25,Series B,United States,58.00,1623
Lemonade,New York City,Finance,52,,2022-04-20,Post-IPO,United States,481.00,1626
Loft,Sao Paulo,Real Estate,159,,2022-04-19,Unknown,Brazil,788.00,1629
Humble,SF Bay Area,Media,10,,2022-04-15,Acquired,United States,4.00,1632
Meesho,Bengaluru,Retail,150,,2022-04-11,Series F,India,1100.00,1637
Goodfood,Calgary,Food,70,,2022-04-07,Post-IPO,Canada,16.00,1640
Workrise,Austin,Energy,450,,2022-04-05,Series E,United States,752.00,1641
Lightico,Tel Aviv,Finance,20,,2022-03-31,Series B,Israel,42.00,1645
Sea,Bengaluru,Retail,350,,2022-03-30,Post-IPO,India,8600.00,1646
Furlenco,Bengaluru,Retail,180,,2022-03-26,Series D,India,228.00,1650
Curology,SF Bay Area,Healthcare,150,,2022-03-16,Series D,United States,19.00,1653
WeDoctor,Non-U.S.,Healthcare,500,,2022-03-02,Series F,China,1400.00,1661
OKCredit,New Delhi,Finance,30,,2022-02-24,Series B,India,85.00,1664
Lido,Mumbai,Education,150,,2022-02-21,Series A,India,24.00,1665
Trustly,Stockholm,Finance,120,,2022-02-17,Acquired,Sweden,28.00,1667
Gopuff,Philadelphia,Food,100,,2022-01-26,Series H,United States,3400.00,1675
Root Insurance,Columbus,Finance,330,,2022-01-20,Post-IPO,United States,527.00,1677
Delivery Hero,Berlin,Food,300,,2021-12-22,Post-IPO,Germany,8300.00,1679
InVision,New York City,Product,22,,2021-10-05,Unknown,United States,356.00,1684
Zymergen,SF Bay Area,Other,120,,2021-09-23,Post-IPO,United States,974.00,1686
Tanium,Seattle,Security,30,,2021-08-30,Unknown,United States,1000.00,1691
Bytedance,Shanghai,Consumer,1800,,2021-08-05,Unknown,China,9400.00,1693
Pagarbook,Bengaluru,HR,80,,2021-07-26,Series A,India,17.00,1694
Lambda School,SF Bay Area,Education,65,,2021-04-29,Series C,United States,122.00,1697
Patreon,SF Bay Area,Media,36,,2021-04-26,Series D,United States,165.00,1699
HuffPo,New York City,Media,47,,2021-03-09,Acquired,United States,37.00,1702
Ninjacart,Bengaluru,Food,200,,2021-02-23,Unknown,India,194.00,1706
ThredUp,Chicago,Retail,243,,2021-02-09,Series F,United States,305.00,1708
Indigo,Boston,Other,80,,2021-02-09,Series F,United States,1200.00,1709
Bytedance,Mumbai,Consumer,1800,,2021-01-27,Unknown,India,7400.00,1713
Privitar,London,Data,20,,2021-01-27,Series C,United Kingdom,150.00,1714
Shutterfly,SF Bay Area,Retail,800,,2021-01-25,Acquired,United States,50.00,1715
Instacart,SF Bay Area,Food,1877,,2021-01-21,Unknown,United States,2400.00,1717
WhiteHat Jr,Mumbai,Education,1800,,2021-01-06,Acquired,India,11.00,1722
Actifio,Boston,Data,54,,2020-12-16,Acquired,United States,352.00,1725
OYO,Gurugram,Travel,600,,2020-12-08,Series F,India,3200.00,1726
LivePerson,New York City,Support,30,,2020-11-01,Post-IPO,United States,42.00,1737
Remedy,Austin,Healthcare,82,,2020-10-29,Series A,United States,12.50,1738
CodeCombat,SF Bay Area,Education,8,,2020-10-23,Series A,United States,8.00,1741
OLX India,New Delhi,Marketing,250,,2020-10-10,Acquired,India,28.00,1745
Bleacher Report,London,Media,20,,2020-09-11,Acquired,United Kingdom,40.50,1753
Big Fish Games,Seattle,Media,250,,2020-09-01,Acquired,United States,95.20,1760
Superloop,Brisbane,Infrastructure,30,,2020-08-24,Post-IPO,Australia,36.00,1765
Shopify,Ottawa,Retail,30,,2020-08-14,Post-IPO,Canada,122.30,1772
Vesta,Atlanta,Sales,56,,2020-08-05,Unknown,United States,20.00,1780
Curefit,Bengaluru,Fitness,120,,2020-07-17,Series D,India,404.60,1793
Yelp,SF Bay Area,Consumer,63,,2020-07-13,Post-IPO,United States,56.00,1798
Bizongo,Mumbai,Logistics,140,,2020-07-10,Series C,India,70.00,1799
PaySense,Mumbai,Finance,40,,2020-07-09,Acquired,India,25.60,1801
Funding Circle,SF Bay Area,Finance,85,,2020-07-08,Post-IPO,United States,746.00,1802
The Wing,New York City,Real Estate,56,,2020-07-01,Series C,United States,117.00,1804
Sharethrough,SF Bay Area,Marketing,18,,2020-07-01,Series D,United States,38.00,1805
Kongregate,SF Bay Area,Media,12,,2020-07-01,Series C,United States,19.00,1806
Havenly,Denver,Consumer,5,,2020-07-01,Series C,United States,57.80,1807
Argo AI,Munich,Transportation,100,,2020-06-29,Unknown,Germany,3600.00,1812
Bossa Nova,SF Bay Area,Retail,61,,2020-06-29,Unknown,United States,101.60,1813
New Relic,Portland,Infrastructure,20,,2020-06-29,Post-IPO,United States,214.50,1814
WeWork,London,Real Estate,200,,2020-06-19,Series H,United Kingdom,19500.00,1825
Atlas Obscura ,New York City,Media,15,,2020-06-18,Series B,United States,32.00,1826
Integrate.ai,Toronto,Support,26,,2020-06-09,Unknown,Canada,39.60,1839
Kitty Hawk,SF Bay Area,Aerospace,70,,2020-06-03,Unknown,United States,1.00,1846
Circ,Berlin,Transportation,100,,2020-06-02,Acquired,Germany,55.00,1849
MakerBot,New York City,Consumer,12,,2020-06-02,Acquired,United States,10.00,1853
StubHub,SF Bay Area,Consumer,200,,2020-05-28,Acquired,United States,19.00,1861
Acorns,Portland,Finance,50,,2020-05-26,Unknown,United States,207.00,1868
CarDekho,Gurugram,Transportation,200,,2020-05-25,Series D,India,247.00,1869
Rubrik,SF Bay Area,Infrastructure,57,,2020-05-18,Series E,United States,553.00,1889
Magicbricks,Noida,Real Estate,250,,2020-05-17,Unknown,India,300.00,1893
Veem,SF Bay Area,Finance,30,,2020-05-14,Unknown,United States,69.00,1902
Mode Analytics,SF Bay Area,Data,17,,2020-05-13,Series C,United States,46.00,1909
SalesLoft,Atlanta,Sales,55,,2020-05-07,Series D,United States,145.00,1927
Flatiron School,New York City,Education,100,,2020-05-06,Acquired,United States,15.00,1932
Pipedrive,Tallinn,Sales,31,,2020-05-05,Series C,Estonia,90.00,1941
LiveTiles,New York City,Other,50,,2020-05-03,Post-IPO,United States,46.00,1956
OYO,London,Travel,150,,2020-05-01,Series F,United Kingdom,2400.00,1957
Virtudent,Boston,Healthcare,70,,2020-05-01,Series A,United States,10.00,1961
Monese,Lisbon,Finance,35,,2020-05-01,Unknown,Portugal,80.00,1962
Bullhorn,Boston,Sales,100,,2020-04-30,Acquired,United States,32.00,1966
Care.com,Boston,Consumer,81,,2020-04-30,Acquired,United States,156.00,1967
WeWork,SF Bay Area,Real Estate,300,,2020-04-29,Series H,United States,2250.00,1973
Kitopi,New York City,Food,124,,2020-04-29,Series B,United States,89.00,1975
OYO,Sao Paulo,Travel,500,,2020-04-25,Series F,Brazil,2400.00,1991
Simon Data,New York City,Marketing,6,,2020-04-23,Series C,United States,68.00,2008
Swiggy,Bengaluru,Food,800,,2020-04-21,Series I,India,1600.00,2019
Paytm,New Delhi,Finance,500,,2020-04-21,Unknown,India,2200.00,2020
Lambda School,SF Bay Area,Education,19,,2020-04-21,Series B,United States,48.00,2027
Zum,SF Bay Area,Transportation,28,,2020-04-20,Series C,United States,71.00,2035
BlackBuck,Bengaluru,Logistics,200,,2020-04-17,Series D,India,293.00,2040
Labster,Copenhagen,Education,40,,2020-04-17,Series B,Denmark,34.00,2046
Akulaku,Jakarta,Finance,100,,2020-04-15,Series D,Indonesia,160.00,2068
Tulip Retail,Toronto,Retail,14,,2020-04-15,Series B,Canada,51.00,2071
Trove Recommerce,SF Bay Area,Retail,13,,2020-04-15,Series C,United States,34.00,2072
Skillz,SF Bay Area,Consumer,21,,2020-04-14,Series D,United States,132.00,2080
DataStax,SF Bay Area,Data,15,,2020-04-14,Series E,United States,190.00,2081
Xerpa,Sao Paulo,HR,10,,2020-04-14,Unknown,Brazil,5.00,2082
Meow Wolf,Santa Fe,Media,201,,2020-04-10,Unknown,United States,185.00,2090
BeeTech,Sao Paulo,Finance,30,,2020-04-10,Series B,Brazil,14.00,2092
Built In,Chicago,Recruiting,28,,2020-04-10,Series C,United States,29.00,2093
Monzo,Las Vegas,Finance,165,,2020-04-09,Series F,United States,324.00,2100
Virta Health,SF Bay Area,Healthcare,65,,2020-04-07,Series C,United States,175.00,2141
Nav,Salt Lake City,Finance,30,,2020-04-07,Series C,United States,99.00,2146
Velodyne Lidar,SF Bay Area,Transportation,140,,2020-04-03,Unknown,United States,225.00,2167
Zoox,SF Bay Area,Transportation,120,,2020-04-03,Series B,United States,955.00,2168
Bustle Digital Group,New York City,Media,19,,2020-04-03,Series E,United States,80.00,2175
Anagram,Los Angeles,Healthcare,17,,2020-04-03,Series A,United States,14.00,2177
DSCO,Salt Lake City,Retail,12,,2020-04-03,Series A,United States,4.00,2179
Voi,Stockholm,Transportation,100,,2020-04-02,Series B,Sweden,167.00,2193
Latch,New York City,Security,60,,2020-04-02,Series B,United States,152.00,2197
Shuttl,New Delhi,Transportation,40,,2020-04-02,Series C,India,122.00,2199
Copper,SF Bay Area,Marketing,35,,2020-04-02,Series C,United States,102.00,2201
FiscalNote,Washington D.C.,Media,30,,2020-04-02,Series D,United States,50.00,2203
Humu,SF Bay Area,HR,26,,2020-04-02,Series B,United States,40.00,2205
Booksy,SF Bay Area,Consumer,200,,2020-04-01,Series B,United States,48.00,2215
Pana,Denver,Travel,18,,2020-04-01,Series A,United States,11.00,2226
Siteimprove,Minneapolis,Marketing,40,,2020-03-31,Unknown,United States,55.00,2242
AngelList,SF Bay Area,Recruiting,20,,2020-03-31,Series B,United States,26.00,2243
Catalant,Boston,Other,30,,2020-03-30,Series E,United States,110.00,2259
Starship Technologies,Tallinn,Transportation,30,,2020-03-30,Series A,Estonia,82.00,2260
Caliva,SF Bay Area,Retail,20,,2020-03-30,Series A,United States,75.00,2262
Polarr,SF Bay Area,Consumer,10,,2020-03-29,Series A,United States,13.00,2267
WeWork,New York City,Real Estate,250,,2020-03-28,Series H,United States,2250.00,2269
Everlane,SF Bay Area,Retail,227,,2020-03-27,Unknown,United States,18.00,2274
DataRobot,Boston,Data,200,,2020-03-27,Series E,United States,430.00,2275
Restaurant365,Los Angeles,Food,175,,2020-03-27,Series C,United States,127.00,2276
DISCO,Austin,Legal,75,,2020-03-27,Series E,United States,133.00,2282
Raken,San Diego,Construction,60,,2020-03-27,Series A,United States,12.00,2283
Loft,Sao Paulo,Real Estate,47,,2020-03-27,Series C,Brazil,263.00,2285
Oh My Green,SF Bay Area,Food,40,,2020-03-27,Seed,United States,20.00,2286
Opal,Portland,Marketing,20,,2020-03-27,Series B,United States,25.00,2289
ThirdLove,New York City,Retail,10,,2020-03-27,Series B,United States,68.00,2290
Passport,Charlotte,Transportation,44,,2020-03-26,Series D,United States,123.00,2298
Lyric,SF Bay Area,Real Estate,100,,2020-03-25,Series B,United States,179.10,2304
Element Analytics,SF Bay Area,Data,10,,2020-03-25,Series A,United States,22.00,2312
TravelBank,SF Bay Area,Travel,20,,2020-03-24,Series B,United States,35.00,2321
Drip,Salt Lake City,Marketing,20,,2020-03-23,Acquired,United States,0.00,2329
Peek,Salt Lake City,Travel,45,,2020-03-20,Series B,United States,39.00,2337
Yonder,Austin,Media,18,,2020-03-20,Series A,United States,16.00,2339
Bounce,Bengaluru,Transportation,120,,2020-03-19,Series D,India,214.00,2342
Lola,Boston,Travel,34,,2020-03-19,Series C,United States,81.00,2345
EasyPost,Salt Lake City,Logistics,75,,2020-03-11,Series A,United States,12.00,2356
Accolade,Seattle,Healthcare,,,2023-03-03,Post-IPO,United States,458.00,10
Indigo,Boston,Other,,,2023-03-03,Series F,United States.,1200.00,11
Flipkart,Bengaluru,Retail,,,2023-03-02,Acquired,India,12900.00,17
Arch Oncology,St. Louis,Healthcare,,,2023-02-22,Series C,United States,155.00,58
Green Labs,Seoul,Food,,,2023-02-21,Series C,South Korea,214.00,67
PeerStreet,Los Angeles,Real Estate,,,2023-02-21,Series C,United States,121.00,68
Zalando,Berlin,Retail,,,2023-02-21,Post-IPO,Germany,467.00,69
Digimarc,Portland,Other,,,2023-02-17,Post-IPO,United States,105.00,78
Convoy,Atlanta,Logistics,,,2023-02-16,Series E,United States,1100.00,84
Divvy Homes,SF Bay Area,Real Estate,,,2023-02-15,Series B,United States,180.00,92
Observe.AI,SF Bay Area,Support,,,2023-02-15,Series C,United States,214.00,95
Religion of Sports,Los Angeles,Media,,,2023-02-15,Series B,United States,63.00,96
Foodpanda,Singapore,Food,,,2023-02-13,Acquired,Singapore,749.00,111
Getir,London,Food,,,2023-02-13,Series E,United Kingdom,1800.00,112
LinkedIn,SF Bay Area,HR,,,2023-02-13,Acquired,United States,154.00,113
Open Co,Sao Paulo,Finance,,,2023-02-10,Series D,Brazil,140.00,117
C6 Bank,Sao Paulo,Finance,,,2023-02-06,Unknown,Brazil,2300.00,156
TenureX,Tel Aviv,Finance,,,2023-02-06,Seed,Israel,6.00,158
Desktop Metal,Boston,Other,,,2023-02-02,Post-IPO,United States,811.00,175
Talkdesk,SF Bay Area,Support,,,2023-02-02,Series D,United States,497.00,178
Ada,Toronto,Support,,,2023-02-01,Series C,Canada,190.00,190
Omnipresent,London,HR,,,2023-02-01,Series B,United States,137.00,195
Picnic,Seattle,Food,,,2023-02-01,Unknown,United States,52.00,196
Olist,Curitiba,Retail,,,2023-01-30,Series E,Brazil,322.00,221
Oyster,Charlotte,HR,,,2023-01-30,Series C,United States,224.00,222
SoFi,SF Bay Area,Finance,,,2023-01-30,Post-IPO,United States,3000.00,225
Hoxhunt,Helsinki,Security,,,2023-01-29,Series B,Finland,43.00,226
Decent,SF Bay Area,Healthcare,,,2023-01-27,Series A,United States,18.00,237
Feedzai,Coimbra,Finance,,,2023-01-27,Unknown,Portugal,273.00,238
Nate,New York City,Retail,,,2023-01-27,Series A,United States,47.00,239
Quora,SF Bay Area,Consumer,,,2023-01-26,Series D,United States,226.00,245
CareRev,Los Angeles,Retail,,,2023-01-25,Series A,United States,51.00,254
Noom,New York City,Fitness,,,2023-01-25,Series F,United States,657.00,256
Icon,Austin,Construction,,,2023-01-24,Series B,United States,451.00,268
BUX,Amsterdam,Finance,,,2023-01-22,Series C,Netherlands,115.00,281
Avalara,Seattle,Finance,,,2023-01-20,Acquired,United States,341.00,292
Morning Consult,Washington D.C.,Data,,,2023-01-20,Series B,United States,91.00,294
Zappos,Las Vegas,Retail,,,2023-01-20,Acquired,United States,62.00,296
Fandom,SF Bay Area,Media,,,2023-01-19,Series E,United States,145.00,306
IAM Robotics,Pittsburgh,Hardware,,,2023-01-19,Unknown,United States,21.00,307
Icertis,Seattle,Legal,,,2023-01-19,Unknown,United States,521.00,308
Spaceship,Sydney,Finance,,,2023-01-19,Series A,Australia,41.00,313
Cazoo,London,Transportation,,,2023-01-18,Post-IPO,United Kingdom,2000.00,333
Coda,SF Bay Area,Other,,,2023-01-18,Series D,United States,240.00,334
Cypress.io,Atlanta,Product,,,2023-01-18,Series B,United States,54.00,335
Mavenir,Dallas,Infrastructure,,,2023-01-18,Acquired,United States,854.00,337
Fishbrain,Stockholm,Consumer,,,2023-01-17,Unknown,United States,59.00,349
Rappi,Buenos Aires,Food,,,2023-01-17,Unknown,Argentina,2300.00,353
RateGenius,Austin,Finance,,,2023-01-17,Acquired,United States,2.00,354
Carvana,Phoenix,Transportation,,,2023-01-13,Post-IPO,United States,1600.00,372
CoSchedule,Bismarck,Marketing,,,2023-01-13,Unknown,United States,2.00,373
GoCanvas,Washington D.C.,Other,,,2023-01-13,Acquired,United States,21.00,374
Oyster,Charlotte,HR,,,2023-01-11,Series C,United States,224.00,403
100 Thieves,Los Angeles,Retail,,,2023-01-10,Series C,United States,120.00,417
Cart.com,Austin,Retail,,,2023-01-10,Unknown,United States,383.00,419
Century Therapeutics,Philadelphia,Healthcare,,,2023-01-09,Post-IPO,United States,560.00,424
Aware,Columbus,Security,,,2023-01-06,Series C,United States,88.00,432
CareerArc,Los Angeles,HR,,,2023-01-06,Private Equity,United States,30.00,433
Compass,New York City,Real Estate,,,2023-01-05,Post-IPO,United States,1600.00,450
Megaport,Brisbane,Infrastructure,,,2023-01-05,Post-IPO,Australia,98.00,451
StreetBees,London,Data,,,2022-12-20,Unknown,United Kingdom,63.00,479
Health IQ,SF Bay Area,Healthcare,,,2022-12-19,Series D,United States,136.00,482
Xiaomi,Beijing,Consumer,,,2022-12-19,Post-IPO,United States,7400.00,483
Autograph,Los Angeles,Crypto,,,2022-12-16,Series B,United States,205.00,488
Landing,Birmingham,Real Estate,,,2022-12-14,Series C,United States,347.00,503
TaxBit,Salt Lake City,Crypto,,,2022-12-13,Series B,United States,235.00,508
Caribou,Washington D.C.,Finance,,,2022-12-12,Series C,United States,189.00,512
Autobooks,Detroit,Finance,,,2022-12-10,Series C,United States,97.00,515
Convene,New York City,Real Estate,,,2022-12-10,Unknown,United States,281.00,516
PharmEasy,Mumbai,Healthcare,,,2022-12-10,Unknown,India,1600.00,517
N-able Technologies,Raleigh,Other,,,2022-12-09,Post-IPO,United States,225.00,526
FireHydrant,New York City,Infrastructure,,,2022-12-08,Series B,United States,32.00,541
Lenovo,Raleigh,Hardware,,,2022-12-08,Post-IPO,United States,850.00,542
Filevine,Salt Lake City,Legal,,,2022-12-06,Series D,United States,226.00,570
Moove,Lagos,Transportation,,,2022-12-06,Unknown,Nigeria,630.00,571
Elemy,SF Bay Area,Healthcare,,,2022-12-05,Series B,United States,323.00,578
Route,Lehi,Retail,,,2022-12-05,Unknown,United States,481.00,579
Thinkific,Vancouver,Education,,,2022-12-05,Post-IPO,Canada,22.00,580
Homebound,SF Bay Area,Real Estate,,,2022-12-02,Unknown,United States,128.00,587
Yapily,London,Finance,,,2022-12-01,Series A,United Kingdom,69.00,598
Pinterest,SF Bay Area,Consumer,,,2022-11-30,Post-IPO,United States,1500.00,612
Venafi,Salt Lake City,Security,,,2022-11-30,Acquired,United States,167.00,614
Proton.ai,Boston,Sales,,,2022-11-29,Series A,United States,20.00,624
FutureLearn,London,Education,,,2022-11-28,Unknown,United Kingdom,50.00,633
Inspectify,Seattle,Real Estate,,,2022-11-28,Series A,United States,11.00,634
Ledn,Toronto,Crypto,,,2022-11-28,Series B,Canada,103.00,635
Zilch,London,Finance,,,2022-11-26,Unknown,United Kingdom,389.00,638
Flash Coffee,Singapore,Food,,,2022-11-22,Series B,Singapore,57.00,652
Natera,SF Bay Area,Healthcare,,,2022-11-22,Post-IPO,United States,809.00,653
Rapyd,Tel Aviv,Finance,,,2022-11-22,Unknown,Israel,770.00,654
Kavak,Sao Paulo,Transportation,,,2022-11-18,Series E,Brazil,1600.00,665
Ruangguru,Jakarta,Education,,,2022-11-18,Unknown,Indonesia,205.00,667
Infogrid,London,Other,,,2022-11-16,Series A,United Kingdom,15.00,695
Oatly,Malmö,Food,,,2022-11-15,Post-IPO,Sweden,441.00,710
Tencent,Shenzen,Consumer,,,2022-11-15,Post-IPO,China,12600.00,714
Typeform,Barcelona,Marketing,,,2022-11-15,Series C,Spain,187.00,715
Reforge,SF Bay Area,Education,,,2022-11-10,Series B,United States,81.00,745
Voly,Sydney,Food,,,2022-11-10,Seed,Australia,13.00,747
ZenBusiness,Austin,Other,,,2022-11-10,Series C,United States,277.00,749
Amobee,SF Bay Area,Marketing,,,2022-11-09,Acquired,United States,72.00,761
Coursera,SF Bay Area,Education,,,2022-11-09,Post-IPO,United States,458.00,763
Spotify,Stockholm,Media,,,2022-11-09,Post-IPO,Sweden,2100.00,766
Beat,Athens,Transportation,,,2022-11-08,Series B,Greece,6.00,770
Practically,Hyderabad,Education,,,2022-11-06,Unknown,India,14.00,781
CloudKitchens,Los Angeles,Real Estate,,,2022-11-03,Unknown,United States,1300.00,796
Provi,Chicago,Food,,,2022-11-03,Series C,United States,150.00,798
Studio,SF Bay Area,Education,,,2022-11-03,Series B,United States,50.00,801
Signicat,Trondheim,Security,,,2022-11-02,Acquired,Norway,8.00,811
Help Scout,Boston,Support,,,2022-11-01,Series B,United States,28.00,824
Carbon,SF Bay Area,Hardware,,,2022-10-26,Series E,United States,683.00,844
Convoy,Seattle,Logistics,,,2022-10-25,Series E,United States,1100.00,849
Arrival,London,Transportation,,,2022-10-20,Post-IPO,United Kingdom,629.00,866
Clever Real Estate,St. Louis,Real Estate,,,2022-10-19,Series B,United States,13.00,872
Collibra,Brussels,Data,,,2022-10-19,Series G,Belgium,596.00,873
Side,SF Bay Area,Real Estate,,,2022-10-19,Unknown,United States,313.00,874
Microsoft,Seattle,Other,,,2022-10-17,Post-IPO,United States,1.00,879
ExtraHop,Seattle,Security,,,2022-10-13,Series C,United States,61.00,889
Emitwise,London,Energy,,,2022-10-11,Series A,United Kingdom,16.00,901
Atome,Singapore,Finance,,,2022-10-06,Unknown,Singapore,645.00,916
First AML,Auckland,Finance,,,2022-10-06,Series B,New Zealand,29.00,917
Spotify,Stockholm,Media,,,2022-10-06,Post-IPO,Sweden,2100.00,919
Tempo,SF Bay Area,Fitness,,,2022-10-03,Series C,United States,298.00,928
Truepill,SF Bay Area,Healthcare,,,2022-09-30,Series D,United States,255.00,933
Zenjob,Berlin,HR,,,2022-09-29,Series D,Germany,107.00,937
Front,SF Bay Area,Support,,,2022-09-28,Series D,United States,203.00,939
Graphcore,Bristol,Data,,,2022-09-27,Unknown,United Kingdom,692.00,942
Instacart,SF Bay Area,Food,,,2022-09-24,Unknown,United States,2900.00,943
Candidate Labs,SF Bay Area,HR,,,2022-09-21,Seed,United States,5.00,953
DayTwo,SF Bay Area,Healthcare,,,2022-09-15,Series B,United States,90.00,969
Sama,SF Bay Area,Data,,,2022-09-12,Series B,United States,84.00,987
Capiter,Cairo,Finance,,,2022-09-09,Series A,Egypt,33.00,992
DreamBox Learning,Seattle,Education,,,2022-09-09,Acquired,United States,175.00,994
Firebolt,Tel Aviv,Data,,,2022-09-07,Series C,Israel,264.00,1009
Xsight Labs,Tel Aviv,Other,,,2022-09-07,Series D,Israel,100.00,1011
Alerzo,Ibadan,Retail,,,2022-09-02,Series B,Nigeria,16.00,1017
Sea,Singapore,Consumer,,,2022-09-02,Post-IPO,Singapore,8600.00,1018
Snagajob,Richmond,HR,,,2022-08-31,Unknown,United States,221.00,1033
Fungible,SF Bay Area,Crypto,,,2022-08-29,Series C,United States,310.00,1041
Skillz,SF Bay Area,Consumer,,,2022-08-29,Post-IPO,United States,287.00,1042
Otonomo,Tel Aviv,Transportation,,,2022-08-28,Post-IPO,Israel,231.00,1043
Better.com,New York City,Real Estate,,,2022-08-26,Unknown,United States,905.00,1047
Skillshare,New York City,Education,,,2022-08-23,Unknown,United States,136.00,1062
Petal,New York City,Finance,,,2022-08-18,Series D,United States,704.00,1073
Crypto.com,Singapore,Crypto,,,2022-08-16,Unknown,Singapore,156.00,1085
Updater,New York City,Other,,,2022-08-16,Unknown,United States,467.00,1088
Almanac,SF Bay Area,Other,,,2022-08-13,Series A,United States,45.00,1094
Orbit,SF Bay Area,Other,,,2022-08-12,Series A,United States,20.00,1097
Shift,SF Bay Area,Transportation,,,2022-08-09,Post-IPO,United States,504.00,1125
Sweetgreen,Los Angeles,Food,,,2022-08-09,Post-IPO,United States,478.00,1126
DataRobot,Boston,Data,,,2022-08-08,Series G,United States,1000.00,1134
Slync,Dallas,Logistics,,,2022-08-05,Series B,United States,76.00,1138
Talkdesk,SF Bay Area,Support,,,2022-08-05,Series D,United States,497.00,1139
StubHub,SF Bay Area,Consumer,,,2022-08-04,Acquired,United States,59.00,1151
CarDekho,Gurugram,Transportation,,,2022-08-03,Series E,India,497.00,1158
FuboTV,New York City,Media,,,2022-08-02,Post-IPO,United States,151.00,1174
Classkick,Chicago,Education,,,2022-08-01,Seed,United States,1.00,1176
DeHaat,Gurugram,Food,,,2022-08-01,Series D,India,194.00,1177
Whereby,Oslo,Other,,,2022-08-01,Series A,Norway,10.00,1181
CoinFLEX,Victoria,Crypto,,,2022-07-29,Unknown,Seychelles,11.00,1191
MissFresh,Beijing,Food,,,2022-07-29,Post-IPO,China,1700.00,1192
Bikayi,Bengaluru,Retail,,,2022-07-28,Series A,India,12.00,1201
Brainbase,Los Angeles,Sales,,,2022-07-28,Series A,United States,12.00,1202
Tapas Media,SF Bay Area,Media,,,2022-07-28,Acquired,United States,17.00,1204
Owlet,Lehi,Healthcare,,,2022-07-22,Post-IPO,United States,178.00,1227
People.ai,SF Bay Area,Sales,,,2022-07-22,Series D,United States,200.00,1228
Wizeline,SF Bay Area,Product,,,2022-07-22,Acquired,United States,62.00,1229
Catalyst,New York City,Support,,,2022-07-21,Series B,United States,45.00,1238
Mural,SF Bay Area,Product,,,2022-07-21,Series C,United States,192.00,1240
Elemy,SF Bay Area,Healthcare,,,2022-07-18,Series B,United States,323.00,1261
Alto Pharmacy,SF Bay Area,Healthcare,,,2022-07-14,Series E,United States,560.00,1275
Cosuno,Berlin,Construction,,,2022-07-14,Series B,Germany,45.00,1276
CircleUp,SF Bay Area,Finance,,,2022-07-13,Series C,United States,53.00,1287
Microsoft,Seattle,Other,,,2022-07-12,Post-IPO,United States,1.00,1294
Spring,SF Bay Area,Retail,,,2022-07-12,Unknown,United States,61.00,1295
Apeel Sciences,Santa Barbara,Food,,,2022-07-11,Series E,United States,640.00,1299
Nextbite,Denver,Food,,,2022-07-09,Series C,United States,150.00,1302
Twitter,SF Bay Area,Consumer,,,2022-07-07,Post-IPO,United States,5700.00,1312
Motif Foodworks,Boston,Food,,,2022-07-06,Series B,United States,344.00,1317
Airtasker,Sydney,Consumer,,,2022-07-04,Series C,Australia,26.00,1331
LetsGetChecked,New York City,Healthcare,,,2022-07-02,Series D,United States,263.00,1334
Perx Health,Sydney,Healthcare,,,2022-07-02,Seed,Australia,2.00,1335
Remesh,New York City,Support,,,2022-07-01,Series A,United States,38.00,1341
Secfi,SF Bay Area,Finance,,,2022-06-30,Series A,United States,7.00,1351
Modsy,SF Bay Area,Retail,,,2022-06-29,Series C,United States,72.00,1367
Booktopia,Sydney,Retail,,,2022-06-28,Series A,Australia,23.00,1377
Feather,New York City,Retail,,,2022-06-24,Unknown,United States,76.00,1392
Give Legacy,Boston,Healthcare,,,2022-06-24,Series B,United States,45.00,1393
Mark43,New York City,Other,,,2022-06-23,Series E,United States,229.00,1401
Crehana,Lima,Education,,,2022-06-15,Series B,Peru,93.00,1450
Addi,Bogota,Finance,,,2022-06-14,Series C,Colombia,376.00,1459
Automox,Boulder,Infrastructure,,,2022-06-13,Series C,United States,152.00,1464
Keepe,Seattle,Real Estate,,,2022-06-10,Unknown,United States,6.00,1472
Liongard,Houston,Infrastructure,,,2022-06-10,Series B,United States,22.00,1473
Trade Republic,Berlin,Finance,,,2022-06-09,Series C,Germany,1200.00,1486
Bond,SF Bay Area,Finance,,,2022-06-07,Series A,United States,42.00,1499
CyberCube,SF Bay Area,Finance,,,2022-06-07,Series B,United States,35.00,1500
Clearco,Dublin,Finance,,,2022-06-06,Series C,Ireland,681.00,1504
Clubhouse,SF Bay Area,Consumer,,,2022-06-03,Series C,United States,110.00,1512
Esme Learning,Boston,Education,,,2022-06-02,Unknown,United States,37.00,1524
Rain,Manama,Finance,,,2022-06-02,Series B,Bahrain,202.00,1526
Cerebral,SF Bay Area,Healthcare,,,2022-05-31,Series C,United States,462.00,1543
Tempus Ex,SF Bay Area,Data,,,2022-05-30,Unknown,United States,36.00,1547
Akerna,Denver,Logistics,,,2022-05-27,Unknown,United States,46.00,1551
Terminus,Atlanta,Marketing,,,2022-05-27,Series C,United States,120.00,1552
Terminus,Atlanta,Marketing,,,2022-05-27,Unknown,United States,192.00,1553
Olist,Curitiba,Retail,,,2022-05-23,Series E,Brazil,322.00,1576
Zulily,Seattle,Retail,,,2022-05-16,Acquired,United States,194.00,1587
Tripwire,Portland,Security,,,2022-05-12,Acquired,United States,29.00,1594
Thrasio,Boston,Retail,,,2022-05-02,Unknown,United States,3400.00,1614
Better.com,New York City,Real Estate,,,2022-04-19,Unknown,United States,905.00,1630
Truepill,SF Bay Area,Healthcare,,,2022-04-14,Series D,United States,255.00,1635
iFit,Logan,Fitness,,,2022-02-25,Private Equity,United States,200.00,1663
Defined.ai,Seattle,Data,,,2022-02-07,Series B,United States,78.00,1673
iFit,Logan,Fitness,,,2021-12-08,Private Equity,United States,200.00,1680
Imperfect Foods,SF Bay Area,Food,,,2021-09-22,Series D,United States,229.00,1687
Genius,New York City,Consumer,,,2021-09-15,Acquired,United States,78.00,1688
Casper,New York City,Retail,,,2021-09-14,Post-IPO,United States,339.00,1690
SumUp,London,Finance,,,2021-05-05,Unknown,United Kingdom,53.00,1696
Medium,SF Bay Area,Media,,,2021-03-24,Series C,United States,132.00,1701
Clumio,SF Bay Area,Data,,,2021-03-01,Series C,United States,186.00,1704
DJI,SF Bay Area,Consumer,,,2021-02-24,Unknown,United States,105.00,1705
Zinier,SF Bay Area,HR,,,2020-11-25,Series C,United States,120.00,1727
Igenous,Seattle,Data,,,2020-11-17,Series C,United States,67.00,1732
Scoop,SF Bay Area,Transportation,,,2020-11-17,Series C,United States,95.00,1733
Cheetah,SF Bay Area,Food,,,2020-10-25,Series B,United States,67.00,1740
Zomato,Jakarta,Food,,,2020-10-20,Series J,Indonesia,914.00,1743
Chef,Seattle,Infrastructure,,,2020-10-08,Acquired,United States,105.00,1746
TheWrap,Los Angeles,Media,,,2020-09-29,Series B,United States,3.50,1748
HumanForest,London,Transportation,,,2020-09-25,Private Equity,United Kingdom,1.54,1749
WeWork ,Shenzen,Real Estate,,,2020-09-23,Series H,China,19500.00,1750
Swing Education,SF Bay Area,Education,,,2020-09-05,Series B,United States,22.80,1757
Spaces,Los Angeles,Media,,,2020-08-24,Acquired,United States,9.50,1766
StreamSets,SF Bay Area,Data,,,2020-08-20,Series C,United States,76.20,1767
Mapify,Berlin,Travel,,,2020-08-19,Seed,Germany,1.30,1769
DJI,Shenzen,Consumer,,,2020-08-17,Unknown,China,105.00,1771
InVision,New York City,Product,,,2020-08-14,Series F,United States,350.20,1773
HopSkipDrive,Los Angeles,Transportation,,,2020-08-12,Unknown,United States,45.00,1774
The Appraisal Lane,Montevideo,Transportation,,,2020-08-07,Seed,Uruguay,1.80,1778
tZero,New York City,Finance,,,2020-07-30,Acquired,United States,472.00,1783
Pared,SF Bay Area,Food,,,2020-07-29,Unknown,United States,13.00,1784
Perkbox,London,HR,,,2020-07-27,Unknown,United Kingdom,29.70,1788
Snaptravel,Toronto,Travel,,,2020-07-16,Series A,Canada,22.40,1794
Vox Media,Washington D.C.,Media,,,2020-07-14,Series F,United States,307.60,1797
OnDeck,New York City,Finance,,,2020-07-08,Post-IPO,United States,1200.00,1803
Hired,SF Bay Area,Recruiting,,,2020-06-30,Series D,United States,132.00,1809
Byton,SF Bay Area,Transportation,,,2020-06-27,Series C,United States,1200.00,1816
Sprinklr,New York City,Support,,,2020-06-25,Series F,United States,228.00,1817
OYO,Dallas,Travel,,,2020-06-24,Series F,United States,3200.00,1820
Outdoorsy,SF Bay Area,Transportation,,,2020-06-04,Series C,United States,75.00,1844
Kapten / Free Now,Paris,Transportation,,,2020-05-21,Acquired,France,100.00,1874
Divvy,Salt Lake City,Finance,,,2020-05-19,Series C,United States,252.00,1884
Checkmarx,Tel Aviv,Security,,,2020-05-18,Acquired,Israel,92.00,1891
Sift,SF Bay Area,Security,,,2020-05-14,Series D,United States,106.00,1903
Workfront,Salt Lake City,Marketing,,,2020-05-14,Series C,United States,375.00,1904
BetterCloud,New York City,Security,,,2020-05-13,Series E,United States,111.00,1910
Datto,Norwalk,Infrastructure,,,2020-05-12,Acquired,United States,100.00,1918
Petal,New York City,Finance,,,2020-05-12,Series B,United States,47.00,1919
ThoughtSpot,SF Bay Area,Data,,,2020-05-06,Series E,United States,743.00,1936
Cloudera,SF Bay Area,Infrastructure,,,2020-05-05,Post-IPO,United States,1000.00,1943
Handshake,SF Bay Area,Recruiting,,,2020-05-05,Series C,United States,74.00,1944
League,Toronto,Healthcare,,,2020-05-05,Unknown,Canada,76.00,1945
Trivago,Dusseldorf,Travel,,,2020-05-04,Acquired,Germany,55.00,1954
Flynote,Bengaluru,Travel,,,2020-05-01,Seed,India,1.00,1965
AirMap,Los Angeles,Aerospace,,,2020-04-30,Unknown,United States,75.00,1968
Cohesity,SF Bay Area,Data,,,2020-04-30,Series E,United States,660.00,1969
Yoco,Cape Town,Finance,,,2020-04-29,Series B,South Africa,23.00,1978
Desktop Metal,Boston,Other,,,2020-04-28,Series E,United States,436.00,1986
Cheddar,New York City,Media,,,2020-04-24,Acquired,United States,54.00,2002
GoCardless,London,Finance,,,2020-04-24,Series E,United Kingdom,122.00,2003
PowerReviews,Chicago,Retail,,,2020-04-23,Acquired,United States,78.00,2010
Singular,SF Bay Area,Marketing,,,2020-04-23,Series B,United States,50.00,2011
Clearbit,SF Bay Area,Data,,,2020-04-22,Series A,United States,17.00,2016
ExtraHop,Seattle,Security,,,2020-04-22,Series C,United States,61.00,2017
Food52,New York City,Food,,,2020-04-17,Acquired,United States,96.00,2052
Influitive,Toronto,Marketing,,,2020-04-17,Unknown,Canada,59.00,2053
CrowdRiff,Toronto,Marketing,,,2020-04-16,Series A,Canada,11.00,2057
FullStory,Atlanta,Marketing,,,2020-04-16,Series C,United States,59.00,2058
Grailed,New York City,Retail,,,2020-04-16,Series A,United States,16.00,2059
SquadVoice,Columbus,Real Estate,,,2020-04-16,Series A,United States,2.00,2062
View,SF Bay Area,Energy,,,2020-04-15,Series H,United States,1800.00,2075
Aura Financial,SF Bay Area,Finance,,,2020-04-14,Unknown,United States,584.00,2083
RedDoorz,Singapore,Travel,,,2020-04-14,Series C,Singapore,134.00,2084
FloQast,Los Angeles,Finance,,,2020-04-10,Series C,United States,119.00,2098
CipherTrace,SF Bay Area,Crypto,,,2020-04-09,Unknown,United States,18.00,2110
Zest AI,Los Angeles,Finance,,,2020-04-09,Unknown,United States,217.00,2112
Lytics,Portland,Marketing,,,2020-04-08,Series C,United States,58.00,2129
Slice Labs,New York City,Finance,,,2020-04-08,Series A,United States,35.00,2131
TechAdvance,Lagos,Finance,,,2020-04-08,Unknown,Nigeria,1.00,2132
AskNicely,Portland,Support,,,2020-04-07,Series A,United States,15.00,2147
RainFocus,Salt Lake City,Marketing,,,2020-04-07,Private Equity,United States,41.00,2148
Bitfarms,Quebec,Crypto,,,2020-04-06,Post-IPO,Canada,25.00,2158
Hopper,Boston,Travel,,,2020-04-06,Series D,United States,183.00,2159
Mapbox,Washington D.C.,Data,,,2020-04-06,Series C,United States,227.00,2160
Alegion,Austin,Data,,,2020-04-03,Series A,United States,16.00,2182
Akerna,Denver,Logistics,,,2020-09-02,Post-IPO,United States,,1758
AllyO,SF Bay Area,HR,,,2020-04-03,Series B,United States,64.00,2183
Mews,Prague,Travel,,,2020-04-03,Series B,Czech Republic,41.00,2184
PeopleGrove,SF Bay Area,HR,,,2020-04-03,Series A,United States,7.00,2185
The Muse,New York City,Recruiting,,,2020-04-03,Series B,United States,28.00,2186
Capillary,Bengaluru,Retail,,,2020-04-02,Private Equity,India,102.00,2211
Modsy,SF Bay Area,Retail,,,2020-04-02,Series C,United States,70.00,2212
GOAT Group,Los Angeles,Retail,,,2020-04-01,Series D,United States,197.00,2231
Levelset,New Orleans,Construction,,,2020-04-01,Series C,United States,46.00,2233
Adara,SF Bay Area,Travel,,,2020-03-31,Series C,United States,67.00,2246
Claravine,Salt Lake City,Marketing,,,2020-03-31,Seed,United States,4.00,2247
Zerto,Boston,Infrastructure,,,2020-03-31,Series E,United States,130.00,2251
Cuyana,SF Bay Area,Retail,,,2020-03-30,Series C,United States,31.00,2264
Rent the Runway,New York City,Retail,,,2020-03-28,Series F,United States,541.00,2270
Pivot3,Austin,Infrastructure,,,2020-03-27,Series H,United States,273.00,2293
Clever Real Estate,St. Louis,Real Estate,,,2020-03-25,Series A,United States,5.00,2313
Universal Standard,New York City,Retail,,,2020-03-25,Series A,United States,8.00,2316
SpotHero,Chicago,Transportation,,,2020-03-24,Series D,United States,117.00,2324
Zwift,Los Angeles,Fitness,,,2020-03-23,Series B,United States,164.00,2335
Vacasa,Portland,Travel,,,2020-03-20,Series C,United States,526.00,2341
Anyvision,Tel Aviv,Security,,,2020-03-19,Series A,Israel,74.00,2346
Tuft & Needle,Phoenix,Retail,,,2020-03-19,Acquired,United States,0.00,2348
Casper,New York City,Retail,,,2021-09-14,Post-IPO,United States,339.00,2360
Merative,Ann Arbor,Healthcare,200,0.10,2023-02-23,Acquired,United States,,48
The Iconic,Sydney,Retail,69,0.06,2023-02-23,Unknown,Australia,,50
Synamedia,London,Media,200,0.12,2023-02-22,Unknown,United Kingdom,,56
CommerceHub,Albany,Retail,371,0.31,2023-02-14,Acquired,United States,,99
EMX Digital,New York City,Marketing,100,1.00,2023-02-13,Unknown,United States,,105
Bark,New York City,Retail,126,0.12,2023-02-09,Post-IPO,United States,,125
Dell,Austin,Hardware,6650,0.05,2023-02-06,Post-IPO,United States,,149
Autodesk,SF Bay Area,Other,250,0.02,2023-02-02,Post-IPO,United States,,166
NCC Group,Manchester,Security,125,0.07,2023-02-02,Post-IPO,United Kingdom,,168
VerticalScope,Toronto,Media,60,0.22,2023-02-01,Post-IPO,Canada,,184
Appgate,Miami,Security,34,0.08,2023-02-01,Post-IPO,United States,,187
NetApp,SF Bay Area,Data,960,0.08,2023-01-31,Post-IPO,United States,,199
Philips,Amsterdam,Healthcare,6000,0.13,2023-01-30,Post-IPO,Netherlands,,211
OLX Group,Amsterdam,Marketing,1500,0.15,2023-01-30,Acquired,Netherlands,,212
Me Poupe,Sao Paulo,Finance,60,0.50,2023-01-28,Unknown,Brazil,,227
SSense,Montreal,Retail,138,0.07,2023-01-27,Series A,Canada,,229
IBM,New York City,Hardware,3900,0.02,2023-01-25,Post-IPO,United States,,246
Lam Research,SF Bay Area,Hardware,1300,0.07,2023-01-25,Post-IPO,United States,,247
Clear Capital,Reno,Real Estate,250,0.25,2023-01-25,Unknown,United States,,250
Venngage,Toronto,Marketing,11,0.20,2023-01-24,Unknown,Canada,,265
PagBank,Sao Paulo,Finance,500,0.07,2023-01-16,Post-IPO,Brazil,,356
Bonterra ,Austin,Other,140,0.10,2023-01-13,Unknown,United States,,369
Definitive Healthcare,Boston,Healthcare,55,0.06,2023-01-12,Post-IPO,United States,,384
Akili Labs,Baltimore,Healthcare,46,0.30,2023-01-12,Seed,United States,,385
Intrinsic,SF Bay Area,Other,40,0.20,2023-01-11,Acquired,United States,,399
Informatica,SF Bay Area,Data,450,0.07,2023-01-10,Post-IPO,United States,,406
Genesis,New York City,Crypto,60,0.30,2023-01-05,Series A,United States,,441
Pegasystems,Boston,HR,245,0.04,2023-01-03,Post-IPO,United States,,462
Harappa,New Delhi,Education,60,0.30,2023-01-03,Acquired,India,,464
Amdocs,St. Louis,Support,700,0.03,2023-01-02,Post-IPO,United States,,466
PayU,Amsterdam,Finance,150,0.06,2022-12-26,Acquired,Netherlands,,469
Willow,Sydney,Real Estate,99,0.22,2022-12-23,Unknown,Australia,,471
Viant,Los Angeles,Marketing,46,0.13,2022-12-13,Post-IPO,United States,,507
Playtika,Tel Aviv,Consumer,600,0.15,2022-12-09,Post-IPO,Israel,,518
Share Now,Berlin,Transportation,150,0.36,2022-12-09,Acquired,Germany,,519
Weedmaps,Los Angeles,Other,175,0.25,2022-12-06,Acquired,United States,,563
Koinly,London,Crypto,16,0.14,2022-12-06,Unknown,United Kingdom,,568
Swyftx,Brisbane,Crypto,90,0.40,2022-12-05,Unknown,Australia,,575
Cognyte,Tel Aviv,Security,100,0.05,2022-12-02,Unknown,Israel,,584
BloomTech,SF Bay Area,Education,88,0.50,2022-12-01,Unknown,United States,,591
Hirect,Bengaluru,Recruiting,200,0.40,2022-11-28,Series A,India,,627
Productboard,SF Bay Area,Product,100,0.20,2022-11-15,Series D,United States,,701
Protocol,SF Bay Area,Media,60,1.00,2022-11-15,Acquired,United States,,703
Viber,Luxembourg,Consumer,45,0.08,2022-11-15,Acquired,Luxembourg,,706
Digital Currency Gruop,Stamford,Crypto,10,0.13,2022-11-02,Unknown,United States,,809
GoFundMe,SF Bay Area,Finance,94,0.12,2022-10-26,Series A,United States,,843
Philips,Amsterdam,Healthcare,4000,0.05,2022-10-24,Post-IPO,Netherlands,,850
F5,Seattle,Security,100,0.01,2022-10-21,Post-IPO,United States,,858
Tiendanube,Buenos Aires,Marketing,50,0.05,2022-10-17,Unknown,Argentina,,878
Clear Capital,Reno,Real Estate,378,0.27,2022-10-14,Unknown,United States,,883
Turnitin,SF Bay Area,Education,51,0.05,2022-10-06,Acquired,United States,,914
WazirX,Mumbai,Crypto,60,0.40,2022-10-02,Acquired,India,,929
Artnight,Berlin,Retail,26,0.36,2022-08-31,Unknown,Germany,,1032
Loja Integrada,Sao Paulo,Retail,25,0.10,2022-08-25,Acquired,Brazil,,1049
Hodlnaut,Singapore,Crypto,40,0.80,2022-08-19,Unknown,Singapore,,1070
Fluke,Sao Paulo,Other,83,0.82,2022-08-17,Seed,Brazil,,1077
Swyftx,Brisbane,Crypto,74,0.21,2022-08-17,Unknown,Australia,,1078
Genesis,New York City,Crypto,52,0.20,2022-08-17,Series A,United States,,1080
Article,Vancouver,Retail,216,0.17,2022-08-04,Series B,Canada,,1141
Callisto Media,SF Bay Area,Media,140,0.35,2022-07-21,Series D,United States,,1231
AppGate,Miami,Security,130,0.22,2022-07-21,Post-IPO,United States,,1232
Stint,London,HR,28,0.20,2022-07-19,Unknown,United Kingdom,,1256
Bybit,Singapore,Crypto,600,0.30,2022-06-20,Unknown,Singapore,,1423
Daniel Wellington,Stockholm,Retail,200,0.15,2022-06-09,Unknown,Sweden,,1477
Afterverse,Brasilia,Consumer,60,0.20,2022-06-03,Unknown,Brazil,,1508
TomTom,Amsterdam,Transportation,500,0.10,2022-06-01,Post-IPO,Netherlands,,1527
Playtika,Tel Aviv,Consumer,250,0.06,2022-05-31,Post-IPO,Israel,,1538
Dazn,London,Consumer,50,0.02,2022-05-26,Unknown,United Kingdom,,1557
Limelight,New York City,Recruiting,13,1.00,2021-02-04,Unknown,United States,,1710
Tidepool,SF Bay Area,Healthcare,18,0.40,2020-11-17,Unknown,United States,,1731
Booking.com,Amsterdam,Travel,4375,0.25,2020-07-30,Acquired,Netherlands,,1781
GoDaddy,Austin,Marketing,451,0.06,2020-06-24,Post-IPO,United States,,1818
ScaleFocus,Sofia,Infrastructure,120,0.10,2020-06-11,Unknown,Bulgaria,,1836
Her Campus Media,Boston,Media,10,0.18,2020-06-10,Unknown,United States,,1838
Dotscience,London,Product,10,1.00,2020-05-19,Unknown,United Kingdom,,1883
Agoda,Singapore,Travel,1500,0.25,2020-05-18,Acquired,Singapore,,1886
Intapp,SF Bay Area,Legal,45,0.05,2020-05-18,Private Equity,United States,,1890
Quartz,New York City,Media,80,0.40,2020-05-14,Acquired,United States,,1899
Intersect,Toronto,Product,19,0.11,2020-05-13,Acquired,Canada,,1908
Stone,Sao Paulo,Finance,1300,0.20,2020-05-12,Post-IPO,Brazil,,1913
Validity,Boston,Data,130,0.33,2020-05-06,Private Equity,United States,,1931
Renmoney,Lagos,Finance,391,0.50,2020-04-28,Unknown,Nigeria,,1980
Stoqo,Jakarta,Food,250,1.00,2020-04-25,Series A,Indonesia,,1992
Geekwire,Seattle,Media,5,0.31,2020-04-10,Unknown,United States,,2097
Lighthouse Labs,Toronto,Education,14,0.07,2020-04-09,Unknown,Canada,,2108
BVAccel,San Diego,Marketing,25,0.25,2020-04-08,Unknown,United States,,2122
Connected,Toronto,Product,17,0.10,2020-04-08,Unknown,Canada,,2125
C6 Bank,Sao Paulo,Finance,60,0.06,2020-04-06,Unknown,Brazil,,2152
MaxMilhas,Belo Horizonte,Travel,167,0.42,2020-04-03,Unknown,Brazil,,2165
Traveloka,Jakarta,Travel,100,0.10,2020-04-03,Unknown,Indonesia,,2169
G/O Media Group,New York City,Media,14,0.05,2020-04-03,Unknown,United States,,2178
Tripbam,Dallas,Travel,10,0.25,2020-04-03,Unknown,United States,,2180
Avantage Entertainment,Minneapolis,Media,5,0.20,2020-04-03,Unknown,United States,,2181
Flymya,Yangon,Travel,200,0.33,2020-04-01,Unknown,Myanmar,,2216
Moovel,Portland,Transportation,28,0.37,2020-04-01,Unknown,United States,,2223
SkySlope,Sacramento,Real Estate,50,0.25,2020-03-31,Acquired,United States,,2241
Blume Global,SF Bay Area,Logistics,30,0.10,2020-03-30,Unknown,United States,,2258
Rangle,Toronto,Product,78,0.30,2020-03-25,Unknown,Canada,,2305
O'Reilly Media,SF Bay Area,Media,75,0.15,2020-03-25,Unknown,United States,,2306
Ejento,SF Bay Area,Recruiting,84,1.00,2020-03-19,Unknown,United States,,2343
Flowr,Toronto,Retail,,0.25,2020-03-24,Unknown,Canada,,2322
Kandela,Los Angeles,Consumer,,1.00,2023-03-02,Acquired,United States,,18
DUX Education,Bengaluru,Education,,1.00,2023-02-28,Unknown,India,,30
Vibrent Health,Washington D.C.,Healthcare,,0.13,2023-02-23,Unknown,United States,,55
WeTrade,Bengaluru,Crypto,,1.00,2023-02-09,Unknown,India,,131
Daraz,Singapore,Retail,,0.11,2023-02-06,Unknown,Singapore,,157
Match Group,New York City,Consumer,,0.08,2023-02-01,Post-IPO,United States,,194
National Instruments,Austin,Hardware,,0.04,2023-01-31,Post-IPO,United States,,209
BM Technologies,Philadelphia,Finance,,0.25,2023-01-30,Post-IPO,United States,,220
Mode Global,London,Finance,,1.00,2023-01-26,Post-IPO,United Kingdom,,243
PagSeguro,Sao Paulo,Finance,,0.07,2023-01-25,Post-IPO,Brazil,,257
Prosus,Amsterdam,Other,,0.30,2023-01-25,Unknown,Netherlands,,258
Lucid Diagnostics,New York City,Healthcare,,0.20,2023-01-18,Post-IPO,United States,,336
Crypto.com,Singapore,Crypto,,0.20,2023-01-12,Unknown,United States,,387
Digital Surge,Brisbane,Crypto,,1.00,2022-12-09,Unknown,Australia,,525
Bitfront,SF Bay Area,Crypto,,1.00,2022-11-29,Unknown,United States,,618
GloriFi,Dallas,Finance,,1.00,2022-11-21,Unknown,United States,,658
Morning Brew,New York City,Media,,0.14,2022-11-17,Acquired,United States,,680
Nirvana Money,Miami,Finance,,1.00,2022-11-15,Unknown,United States,,709
Avast,Phoenix,Security,,0.25,2022-11-10,Unknown,United States,,744
Wavely,SF Bay Area,HR,,1.00,2022-11-10,Unknown,United States,,748
SADA,Los Angeles,Other,,0.11,2022-11-08,Acquired,United States,,772
GoNuts,Mumbai,Media,,1.00,2022-10-27,Seed,India,,837
Callisto Media,SF Bay Area,Media,,0.35,2022-10-25,Series D,United States,,848
Qin1,Noida,Education,,1.00,2022-10-14,Seed,India,,886
Fivetran,SF Bay Area,Data,,0.05,2022-10-04,Series D,United States,,924
Pastel,SF Bay Area,Food,,1.00,2022-09-30,Unknown,United States,,932
Weedmaps,Los Angeles,Other,,0.10,2022-08-04,Acquired,United States,,1152
Subspace,Los Angeles,Infrastructure,,1.00,2022-05-13,Series B,United States,,1591
Airy Rooms,Jakarta,Travel,,1.00,2020-05-07,Unknown,Indonesia,,1929
Airy Rooms,Jakarta,Travel,,0.70,2020-04-22,Unknown,Indonesia,,2015
Atlanta Tech Village,Atlanta,Real Estate,,0.50,2020-04-02,Unknown,United States,,2210
The Modist,Dubai,Retail,,1.00,2020-04-02,Unknown,United Arab Emirates,,2213
Ambev Tech,Blumenau,Food,50,,2023-03-02,Acquired,Brazil,,14
Bolt,Lagos,Transportation,17,,2023-02-21,Series F,Nigeria,,65
VinFast US,Los Angeles,Transportation,80,,2023-02-06,Subsidiary,United States,,152
Bittrex,Seattle,Crypto,80,,2023-02-02,Unknown,United States,,172
Ruggable,Los Angeles,Retail,100,,2023-01-27,Seed,United States,,231
Synopsys,SF Bay Area,Other,100,,2023-01-27,Post-IPO,United States,,232
Heycar,Berlin,Transportation,73,,2023-01-27,Unknown,Germany,,233
BitTorrent,SF Bay Area,Infrastructure,92,,2023-01-20,Acquired,United States,,287
Capital One,Washington D.C.,Finance,1100,,2023-01-19,Post-IPO,United States,,297
Black Shark,Shenzen,Hardware,900,,2023-01-13,Unknown,China,,367
Qualcomm,San Diego,Hardware,153,,2022-12-22,Post-IPO,United States,,474
Etermax,Buenos Aires,Other,40,,2022-11-30,Unknown,Argentina,,608
Homepoint,Phoenix,Real Estate,113,,2022-11-17,Post-IPO,United States,,672
LendingTree,Charlotte,Finance,200,,2022-11-03,Post-IPO,United States,,791
Booking.com,Grand Rapids,Travel,226,,2022-11-01,Acquired,United States,,813
Oracle,SF Bay Area,Other,200,,2022-11-01,Post-IPO,United States,,814
Tapps Games,Sao Paulo,Consumer,10,,2022-11-01,Unknown,Brazil,,822
Bamboo Health,Louisville,Healthcare,52,,2022-07-01,Unknown,United States,,1339
Envato,Melbourne,Marketing,100,,2022-06-02,Unknown,Australia,,1518
Wahoo Fitness,Atlanta,Fitness,50,,2022-04-27,Unknown,United States,,1619
Pulse Secure,SF Bay Area,Security,78,,2020-12-23,Acquired,United States,,1723
Teamwork,Cork,Other,21,,2020-05-22,Unknown,Ireland,,1870
Politico / Protocol,Washington D.C.,Media,13,,2020-04-21,Unknown,United States,,2028
Newfront Insurance,SF Bay Area,Finance,94,,2020-04-07,Unknown,United States,,2139
Payfactors,Boston,HR,46,,2020-04-07,Unknown,United States,,2145
Fareportal,Gurugram,Travel,200,,2020-03-26,Unknown,India,,2295
Takl,Nashville,Consumer,130,,2020-03-24,Unknown,United States,,2318
Bcredi,Curitiba,Finance,,,2020-03-27,Series A,Brazil,,2291
Make School,SF Bay Area,Education,,,2020-03-27,Unknown,United States,,2292
Truckstop.com,Boise,Logistics,,,2023-03-02,Acquired,United States,,19
Reserve,SF Bay Area,Crypto,,,2023-02-17,Unknown,United States,,79
Quillt,St. Louis,Media,,,2023-02-09,Unknown,United States,,130
Finastra,Tel Aviv,Finance,,,2023-01-25,Unknown,Israel,,255
TikTok,Los Angeles,Consumer,,,2023-01-20,Acquired,United States,,295
Oracle,SF Bay Area,Other,,,2023-01-17,Post-IPO,United States,,352
XP,Sao Paulo,Finance,,,2023-01-17,Post-IPO,Brazil,,355
CreateMe,SF Bay Area,Manufacturing,,,2023-01-06,Unknown,United States,,434
 E Inc.,Toronto,Transportation,,,2022-12-16,Post-IPO,Canada,,487
Zywave,Milwaukee,Finance,,,2022-12-07,Acquired,United States,,559
Motional,Boston,Transportation,,,2022-11-30,Unknown,United States,,611
Lazerpay,Lagos,Crypto,,,2022-11-29,Unknown,Nigeria,,621
Menulog,Sydney,Food,,,2022-11-24,Acquired,Australia,,644
Utopia Music,Zug,Media,,,2022-11-24,Series B,Switzerland,,645
Metaplex,Chicago,Crypto,,,2022-11-18,Unknown,United States,,666
Shopee,Jakarta,Food,,,2022-11-14,Unknown,Indonesia,,729
Juniper,Atlanta,Marketing,,,2022-11-11,Acquired,United States,,734
Huawei,Shenzen,Hardware,,,2022-10-16,Unknown,China,,882
VanHack,Vancouver,HR,,,2022-10-11,Seed,United States,,903
Shopee,Jakarta,Food,,,2022-09-18,Unknown,Indonesia,,963
Realtor.com,SF Bay Area,Real Estate,,,2022-09-08,Acquired,United States,,1001
Viamo,Accra,Other,,,2022-08-31,Unknown,Ghana,,1035
Pix,SF Bay Area,Food,,,2022-08-24,Unknown,United States,,1054
Kogan,Melbourne,Retail,,,2022-08-23,Post-IPO,Australia,,1061
OnlyFans,London,Media,,,2022-08-01,Unknown,United Kingdom,,1178
Oracle,SF Bay Area,Other,,,2022-08-01,Post-IPO,United States,,1179
Arete,Miami,Security,,,2022-07-22,Unknown,United States,,1225
Smarsh,Portland,Other,,,2022-07-21,Private Equity,United States,,1241
TikTok,Los Angeles,Consumer,,,2022-07-18,Acquired,United States,,1264
CommentSold,Huntsville,Retail,,,2022-06-29,Unknown,United States,,1364
Mindgeek,Luxembourg,Media,,,2022-06-22,Unknown,Luxembourg,,1414
Bybit,Singapore,Crypto,,,2022-06-20,Unknown,Singapore,,1430
Shopee,Singapore,Food,,,2022-06-14,Unknown,Singapore,,1460
Subspace,Los Angeles,Infrastructure,,,2021-03-03,Series B,United States,,1703
kununu,Boston,Recruiting,,,2020-08-26,Acquired,United States,,1764
LumenAd,Missoula,Marketing,,,2020-04-16,Unknown,United States,,2060
Wonder,New York City,Other,,,2020-04-02,Unknown,United States,,2214
Currency,Los Angeles,Finance,,,2020-04-01,Unknown,United States,,2230
Snap Finance,Salt Lake City,Finance,,,2020-03-31,Unknown,United States,,2250
Blackbaud,Charleston,Other,500,0.14,2023-02-15,Post-IPO,United States,,2357
Spreetail,Austin,Retail,,,2022-10-27,,United States,,838
GSR,Hong Kong,Crypto,,,2022-10-11,Unknown,Hong Kong,,902
Verily,SF Bay Area,Healthcare,250,0.15,2023-01-11,,United States,3500.00,393
Zapp,London,Food,,0.10,2022-05-25,,United Kingdom,300.00,1566
Relevel,Bengaluru,HR,40,0.20,2023-01-10,,India,,415
Advata,Seattle,Healthcare,32,0.21,2022-10-28,,United States,,832
Gatherly,Atlanta,Marketing,,0.50,2022-07-31,,United States,,1184
Juul,SF Bay Area,Consumer,400,0.30,2022-11-10,Unknown,United States,1500.00,737
Carvana,Phoenix,Transportation,2500,0.12,2022-05-10,Post-IPO,United States,1600.00,1596
Bally's Interactive,Providence,Other,,0.15,2023-01-18,Post-IPO,United States,946.00,331
The Mom Project,Chicago,HR,54,0.15,2022-07-14,Series C,United States,115.00,1272
Gemini,New York City,Crypto,68,0.07,2022-07-18,Unknown,United States,423.00,1259
